Timestamp,Supplier,Model,Price_KD,Source_Chat,Raw_Snippet,Notes
Today 2:19 AM,Mobile Telecom Industry,Samsung A36 8/128,,PRISM DISTRIBUTION FZCO WTS DAFZA LOCAL SAMSUNG & APPLE,Want to sell Samsung A36 8/128 - Simfree qty available 216$ HOTT PRICE Blue Green,USD 216; simfree; ready in Dafza; qty available
Yesterday,Bombay Digital DXB,X230 128 Silver,,WTS MGT,Wts X230 128 silver Tra 680 dh,AED 680 (dh); ready/offer snippet; price not KD
Today,Bombay Digital DXB,S25 Edge 256GB,,WTS MGT,WTS S25edge 256 gb eng stock 2 pcs only good price 1850 dh,AED 1850 (dh); eng stock; 2 pcs only
Today,Eshan Cellutech,Redmi A7 Pro 4G 4/64GB,,Eshan Cellutech,DEAL FOR SHORT TIME Redmi A7 pro 4G 4/64GB Ready Stock | Unbeatable Price,Short-time deal language; numeric price not shown; Unbeatable Price (no number)
Today,Eshan Cellutech,Redmi A7 Pro 4/128GB,,Eshan Cellutech,Redmi A7 PRO 4/128GB Black EU/Global; Ready Stock | Unbeatable Price,Short-time deal language; numeric price not shown; Unbeatable Price (no number)
Today,Shabbir Simtronics DXB,Galaxy S25FE/S25/S26 FE/S26 Ultra variants,,Shabbir Simtronics DXB,"WANT TO SELL GALAXY S SERIES: S25FE 8GB+256GB, S25 12GB+256GB, S26 FE 8GB+256GB, S26 Ultra 12GB+256/512GB",List only; no prices; Price not shown
Today,Onkar Singh Rajput HK,Xiaomi Note 17 Pro 8/256GB 5G,,Onkar Singh Rajput HK,Wts Xiaomi Note 17 pro 8/256gb 5G On booking,On booking; no price; Price not shown; on booking
Yesterday 10:36 AM,Bombay Digital DXB,Samsung Galaxy S25 Edge 256GB,,WTS MGT,WTS S25edge 256 gb eng stock / 2 pcs only / good price / 1850 dh,English stock.; AED 1850
Yesterday 11:04 AM,Bombay Digital DXB,Vivo X230 128GB Silver TRA,,WTS MGT,Wts UAE X230 128 silver Tra / 680 dh,TRA/UAE stock wording as shown.; AED 680
Friday 7:26 AM,Eshan Cellutech,Redmi A7 Pro 4G 4/64GB,,Eshan Cellutech,"DEAL FOR SHORT TIME / Redmi A7 pro 4G 4/64GB / Black, Blue, Green / Ready Stock / Unbeatable Price","EU/Global variants; Black, Blue and Green listed; no price shown."
Friday 7:26 AM,Eshan Cellutech,Redmi A7 Pro 4G 4/128GB,,Eshan Cellutech,Redmi A7 PRO 4/128GB / Black | Eu | Global | Ready Stock / Unbeatable Price,EU/Global Black variant; no price shown.
Friday 6:18 AM,Shabbir Simtronics DXB,Samsung Galaxy S25 FE (S731) 8GB+256GB,,Shabbir Simtronics DXB,WANT TO SELL GALAXY S SERIES / S25FE (S731) 8GB + 256GB | ARB,ARB specification; no price shown.
Friday 6:18 AM,Shabbir Simtronics DXB,Samsung Galaxy S25 (S931) 12GB+256GB,,Shabbir Simtronics DXB,S25 (S931) 12GB + 256GB | IND,India specification; no price shown.
Friday 6:18 AM,Shabbir Simtronics DXB,Samsung Galaxy S26 FE (S741) 8GB+256GB,,Shabbir Simtronics DXB,S26 FE (S741) 8GB + 256GB AFR,AFR specification; no price shown.
Friday 6:18 AM,Shabbir Simtronics DXB,Samsung Galaxy S26 Ultra (S948) 12GB+256GB,,Shabbir Simtronics DXB,S26 ULTRA (S948) 12 + 256GB AFR,AFR specification; no price shown.
Friday 6:18 AM,Shabbir Simtronics DXB,Samsung Galaxy S26 Ultra (S948) 12GB+512GB,,Shabbir Simtronics DXB,S26 ULTRA (S948) 12 + 512GB AFR,AFR specification; no price shown.
Thursday 11:04 PM,Onkar Singh Rajput HK,Xiaomi Note 17 Pro 5G 8/256GB,,Onkar Singh Rajput HK,Wts Xiaomi / Note 17 pro 8/256gb 5G / On booking,Booking offer; no price shown.
Today 2:19 AM,~ Mobile Telecom Industry,Samsung Galaxy A36 8/128GB,,PRISM DISTRIBUTION FZCO WTS DAFZA LOCAL SAMSUNG & APPLE,Want to sell / Samsung A36 8/128 / Simfree qty available / 216$ HOTT PRICE,India/sim-free stock; Blue and Green; ready in DAFZA.; USD 216
Yesterday 2:29 AM,Teleflex Telecom Fzco,ZTE Blade A6 4/128GB,,Teleflex Telecom Fzco,WTS / ZTE BLADE A6 4/128,No price shown.
Yesterday 2:29 AM,Teleflex Telecom Fzco,ZTE Blade A76 4G 4/128GB,,Teleflex Telecom Fzco,ZTE BLADE A76 4G 4/128,No price shown.
Yesterday 2:29 AM,Teleflex Telecom Fzco,ZTE Blade A76 5G 6/128GB,,Teleflex Telecom Fzco,ZTE BLADE A76 5G 6/128,No price shown.
Today 10:31 PM,Roy HK,Redmi 15C 4G 4+128GB EU,,Roy HK,Redmi 15C 4G 4+128 EU $115 / Black 500 / Green 300 / Purple 490,"EU stock; quantities Black 500, Green 300, Purple 490.; USD 115"
Yesterday 4:41 AM,Khaled Zayed,Samsung Galaxy A16 4/128GB,,ROYAL LINE ELECTRONICS FZCO,WTS | SAMSUNG / A16 | 4/128GB / Arabic Spec / Ready Stock FZCO,"Arabic spec; later message says SOLD A16 THANKS, so availability is likely closed."
Thursday 8:00 AM,CHIRAG DXB,NOTE 14S 8/256,,CHIRAG DXB,NOTE 14S 8/256 - 185 $,USD 185
Thursday 8:00 AM,CHIRAG DXB,REDMI 15C 8/256,,CHIRAG DXB,REDMI 15C 8/256 - 139 $,USD 139
Thursday 8:00 AM,CHIRAG DXB,NOTE 15 8/256,,CHIRAG DXB,NOTE 15 8/256 - 194 $,USD 194
Thursday 8:00 AM,CHIRAG DXB,NOTE 15 PRO 8/256,,CHIRAG DXB,NOTE 15 PRO 8/256 - 262 $,USD 262
Thursday 2:29 AM,Arjun Bhusal,Samsung A075 4/64,,Arjun Bhusal,Selling / Ready stock / Samsung a075 4/64 Gb - 3000 PCs,3000 PCs; ready stock
Thursday 12:14 AM,Redcell DXB,A065 4/128,,Red cell,"A065,4/128GB@Call AFB ... Ready Stocks in Freezone",African spec; black/blue/gold mix; ready stock Freezone
Thursday 12:02 AM,Redcell DXB,A065 4/64,,Redcell DXB,"WTS African Spec A065,4/64GB@Call AFA Black Blue Mix",African spec; black/blue mix
Thursday 12:02 AM,Redcell DXB,A065 4/128,,Redcell DXB,"A065,4/128GB@Call AFB Black Blue Gold Mix Ready Stocks in Freezone",African spec; black/blue/gold mix; ready stock Freezone
Thursday 12:54 AM,Rameez Redcell DXB Redcell,A065 4/128,,Rameez Redcell DXB Redcell,WTs A065 4/128@ mix clr ... limited qty call for best price,mix color; limited qty
Thursday 12:19 AM,Joy Xie HK,Redmi Note17 5G 6+128G,,Joy Xie HK,Redmi Note17 5G 6+128G $180,CN spec; EX-HK price; USD 180
Thursday 12:19 AM,Joy Xie HK,Redmi Note17 5G 8+128G,,Joy Xie HK,Redmi Note17 5G 8+128G $195,CN spec; EX-HK price; USD 195
Thursday 12:19 AM,Joy Xie HK,Redmi Note17 5G 8+256G,,Joy Xie HK,Redmi Note17 5G 8+256G $215,CN spec; EX-HK price; USD 215
Thursday 12:19 AM,Joy Xie HK,Redmi 9A 4+64G,,Joy Xie HK,Redmi 9A 4+64G $80,CN spec; EX-HK price; USD 80
Thursday 12:19 AM,Joy Xie HK,Redmi 14C 4+128G,,Joy Xie HK,Redmi 14C 4+128G $108,CN spec; EX-HK price; USD 108
Thursday 12:19 AM,Joy Xie HK,Redmi 14C 8+256G,,Joy Xie HK,Redmi 14C 8+256G $127,CN spec; EX-HK price; USD 127
Thursday 12:19 AM,Joy Xie HK,Redmi 13C 6+128G,,Joy Xie HK,Redmi 13C 6+128G $121,CN spec; EX-HK price; USD 121
Thursday 12:19 AM,Joy Xie HK,Redmi 17C 4+64G,,Joy Xie HK,Redmi 17C 4+64G $110,CN spec; EX-HK price; USD 110
Thursday 12:19 AM,Joy Xie HK,Redmi 17C 4+128G,,Joy Xie HK,Redmi 17C 4+128G $125,CN spec; EX-HK price; USD 125
Thursday 12:19 AM,Joy Xie HK,Redmi 17C 8+256G,,Joy Xie HK,Redmi 17C 8+256G $150,CN spec; EX-HK price; USD 150
Thursday 12:19 AM,Joy Xie HK,Redmi 17 5G 6+128G,,Joy Xie HK,Redmi 17 5G 6+128G $160,CN spec; EX-HK price; USD 160
Thursday 11:44 PM,Joy Xie HK,Redmi Note 15 8+256G EU,,Joy Xie HK,Redmi Note 15 8+256G EU $193,CN spec; EX-HK price; USD 193
Wednesday 8:04 AM,Azahar DXB,GT5 Pro Black,,⚠️Rw local sale⚠️,GT5 Pro Black,local mix stock
Wednesday 8:04 AM,Azahar DXB,OnePlus Nord CE 5 8/256,,⚠️Rw local sale⚠️,OnePlus Nord CE 5 8/256,local mix stock
Wednesday 8:04 AM,Azahar DXB,Poco X7 Pro 12/512 Black EU,,⚠️Rw local sale⚠️,Poco X7 Pro 12/512 Black EU,local mix stock
Wednesday 8:04 AM,Azahar DXB,Poco X8 Pro 12/512 EU Mix,,⚠️Rw local sale⚠️,Poco X8 Pro 12/512 EU Mix,local mix stock
Wednesday 8:04 AM,Azahar DXB,Poco F8 Ultra 16/512,,⚠️Rw local sale⚠️,Poco F8 Ultra 16/512,local mix stock
Wednesday 8:04 AM,Azahar DXB,Xiaomi 17T 12/512 Mix,,⚠️Rw local sale⚠️,Xiaomi 17T 12/512 Mix,local mix stock
Wednesday 8:04 AM,Azahar DXB,Xiaomi 15T 12/512 Grey,,⚠️Rw local sale⚠️,Xiaomi 15T 12/512 Grey,local mix stock
Wednesday 8:04 AM,Azahar DXB,Redmi 17 8/256 Mix,,⚠️Rw local sale⚠️,Redmi 17 8/256 Mix,local mix stock
Wednesday 8:04 AM,Azahar DXB,Redmi 17 6/256 Mix,,⚠️Rw local sale⚠️,Redmi 17 6/256 Mix,local mix stock
Wednesday 8:04 AM,Azahar DXB,Redmi 17 4/256 Mix,,⚠️Rw local sale⚠️,Redmi 17 4/256 Mix,local mix stock
Wednesday 8:04 AM,Azahar DXB,Note 15 Pro Plus 12/512 Mix,,⚠️Rw local sale⚠️,Note 15 Pro Plus 12/512 Mix,local mix stock
Wednesday 8:04 AM,Azahar DXB,Note 15 Pro Plus 8/256 Mix,,⚠️Rw local sale⚠️,Note 15 Pro Plus 8/256 Mix,local mix stock
Wednesday 8:04 AM,Azahar DXB,Redmi A5 4/128 RU Mix,,⚠️Rw local sale⚠️,Redmi A5 4/128 RU Mix,local mix stock
Wednesday 8:04 AM,Azahar DXB,Note14 Pro Plus 12/512,,⚠️Rw local sale⚠️,Note14 Pro Plus 12/512,local mix stock
Wednesday 8:04 AM,Azahar DXB,Xiaomi 17 Pro Max 16/512 Mix,,⚠️Rw local sale⚠️,Xiaomi 17 Pro Max 16/512 Mix,local mix stock
Wednesday 8:04 AM,Azahar DXB,Note 17 8/256 5G,,⚠️Rw local sale⚠️,Note 17 8/256 5G,local mix stock
Wednesday 8:04 AM,Azahar DXB,Redmi 17C 8/256 Mix,,⚠️Rw local sale⚠️,Redmi 17C 8/256 Mix,local mix stock
Wednesday 8:04 AM,Azahar DXB,Note 15 Pro Plus 16/512 Mix,,⚠️Rw local sale⚠️,Note 15 Pro Plus 16/512 Mix,local mix stock
Wednesday 8:04 AM,Azahar DXB,Redmi 9A 4/64 Mix,,⚠️Rw local sale⚠️,Redmi 9A 4/64 Mix,local mix stock
Wednesday 8:13 AM,Azahar DXB,Honor 600 Pro 12/512 Mix,,⚠️Rw local sale⚠️,Honor 600 pro 12/512 mix — Now available local,now available local
Wednesday 3:09 AM,BIYON GLOBAL GROUP,Google Pixel 11 Pro XL 256/512,,Ruslan gsm4trade.com,BIYON GLOBAL GROUP | WTS HOT OFFERS ... GOOGLE · Pixel 11 Pro XL 256GB / 512GB,
Wednesday 1:53 AM,Real Tech Fzco DXB,Samsung S25 FE 8/256,,Real Tech Fzco DXB,Selling Samsung S25 FE 8/256 ... Ready stock,ready stock
Wednesday 1:53 AM,Real Tech Fzco DXB,Samsung S26 FE 8/256,,Real Tech Fzco DXB,Selling Samsung S26 FE 8/256 ... Ready stock,ready stock
Wednesday 1:53 AM,Real Tech Fzco DXB,Samsung S25 Ultra 12/256,,Real Tech Fzco DXB,Selling Samsung S25 Ultra 12/256 ... Ready stock,ready stock
Wednesday 1:53 AM,Real Tech Fzco DXB,X135 4/64,,Real Tech Fzco DXB,Selling X135 4/64 ... Ready stock,ready stock
Wednesday 1:53 AM,Real Tech Fzco DXB,X230 6/128,,Real Tech Fzco DXB,Selling X230 6/128 ... Ready stock,ready stock
Wednesday 1:33 AM,Ajay Naam Electronics,Samsung S26 Ultra 12/256,,Ajay Naam Electronics,WTS Samsung TDRA Spec S26 Ultra 12/256GB Black Blue Violet,TDRA spec; black/blue/violet; qty 300; FZE ready stock
Monday 6:09 AM,Shadab Dubai,Samsung A077 4/64,,Shadab Dubai,WTS Samsung Samsung A077 4/64,
Monday 6:09 AM,Shadab Dubai,Samsung A085 4/64,,Shadab Dubai,WTS Samsung Samsung A085 4/64,
Monday 6:09 AM,Shadab Dubai,Samsung A075 4/64,,Shadab Dubai,WTS Samsung Samsung A075 4/64,
Monday 6:09 AM,Shadab Dubai,Samsung A075 4/128,,Shadab Dubai,WTS Samsung Samsung A075 4/128,
Monday 6:09 AM,Shadab Dubai,Samsung A175 6/128,,Shadab Dubai,WTS Samsung Samsung A175 6/128,
Monday 6:09 AM,Shadab Dubai,Samsung A266 8/256,,Shadab Dubai,WTS Samsung Samsung A266 8/256,
9/1/2026 1:36 AM,Azahar DXB,Redmi 17 6/256 4G Mix,,Rw fzco sale🔥,WTS Redmi 17 6/256 4G Mix — Fzco/Local available,FZCO/local available
9/1/2026 1:36 AM,Azahar DXB,Redmi 17 8/256 4G Mix,,Rw fzco sale🔥,WTS Redmi 17 8/256 4G Mix — Fzco/Local available,FZCO/local available
9/1/2026 1:36 AM,Azahar DXB,Redmi 17 4/256 4G Mix,,Rw fzco sale🔥,WTS Redmi 17 4/256 4G Mix — Fzco/Local available,FZCO/local available
Today 10:31 PM,Roy HK,Redmi 15C 4G 4+128 EU,,Roy HK,"Redmi 15C 4G 4+128 EU $115; Black 500, Green 300, Purple 490","EU spec; Black 500, Green 300, Purple 490; USD 115"
Today 10:31 PM,Roy HK,Redmi 15C 4G 4+128 EU,,Roy HK,"Redmi 15C 4G 4+128 EU $115
Black 500
Green 300
Purple 490","Color quantities: Black 500, Green 300, Purple 490.; $115"
Today 2:19 AM,Prism Distribution Fzco,Samsung A36 8/128,,PRISM DISTRIBUTION FZCO WTS DAFZA LOCAL SAMSUNG & APPLE,"Want to sell
Samsung A36 8/128 - Simfree qty available
216$ HOTT PRICE
Blue
Green
Ready in Dafza call
Prism Distribution Fzco",Simfree; quantity available; Blue and Green; ready in Dafza.; 216$
Today 12:15 AM,Ali Raza - Cellutech,Redmi A5 3/64GB,,Ali Raza - Cellutech,Redmi A5 3/64GB $94; Ru/Global,Black/Blue/Green stock posted; USD 94
Today 12:15 AM,Ali Raza - Cellutech,Redmi A7 Pro 4G 4/64GB,,Ali Raza - Cellutech,Redmi A7 pro 4G 4/64GB $98; EU/Global,Black/Blue/Green stock posted; USD 98
Today 12:15 AM,Ali Raza - Cellutech,Redmi A7 Pro 4/128GB,,Ali Raza - Cellutech,Redmi A7 PRO 4/128GB $113; EU/Global,Black stock posted; USD 113
Today 12:15 AM,Ali Raza - Cellutech,Redmi Note 15 8/256GB,,Ali Raza - Cellutech,Redmi Note 15 8/256GB $198,Black/Blue/Purple EU Global stock; USD 198
Today 12:15 AM,Ali Raza - Cellutech,Redmi Note 15 8/256GB NFC,,Ali Raza - Cellutech,Redmi Note 15 8/256GB $200 NFC,Black EU Global stock; USD 200
Today 12:15 AM,Ali Raza - Cellutech,Redmi Note 15 Pro 4G 8/256GB,,Ali Raza - Cellutech,Redmi Note 15 pro 4G 8/256GB $265,Black/Titanium EU Global stock; USD 265
Today 12:15 AM,Ali Raza - Cellutech,Redmi 15C 4G 8/256GB,,Ali Raza - Cellutech,Redmi 15C 4G 8/256GB $145,Black/Blue/Green/Orange EU Global stock; USD 145
Today 12:15 AM,Ali Raza - Cellutech,Redmi Note 15 Pro+ 12/512GB,,Ali Raza - Cellutech,Redmi Note 15 Pro + 12/512GB $368,Black/Brown/Blue EU Global stock; USD 368
Today 12:15 AM,Ali Raza - Cellutech,POCO C85 8/256GB,,Ali Raza - Cellutech,POCO C85 8/256GB $146,US/EU Global and Russia variants; USD 146
Today 12:15 AM,Ali Raza - Cellutech,POCO C85 6/128GB,,Ali Raza - Cellutech,Poco C85 6/128GB $120,EU Global stock; USD 120
Today 12:15 AM,Ali Raza - Cellutech,POCO C81 Pro 4/64GB,,Ali Raza - Cellutech,Poco C81 PRO 4/64GB $97,EU Global stock; USD 97
Today 12:15 AM,Ali Raza - Cellutech,POCO X8 Pro 5G 8/256GB,,Ali Raza - Cellutech,Poco X8 pro 5G 8/256GB $335,Black/White/Green/Yellow EU Global stock; USD 335
Today 12:15 AM,Ali Raza - Cellutech,POCO X8 Pro 12/512GB,,Ali Raza - Cellutech,Poco X8 pro 12/512GB $389,Black/White/Green/Yellow EU Global stock; USD 389
Today 12:15 AM,Ali Raza - Cellutech,POCO X8 Pro Max 5G 12/512GB,,Ali Raza - Cellutech,Poco X8 pro max 5G 12/512GB $482,Black/White/Orange EU Global stock; USD 482
Today 12:14 AM,Roy HK,Redmi 15C 5G NFC 4+128 EU,,Roy HK,Redmi 15C 5G NFC 4+128 EU $148,Black/Green/Purple; 200 each; USD 148
Yesterday,Azmat Bristol,Redmi Note 14 5G 8+256GB India,,Bristol fones fzco (Xiaomi Supplier Dubai free zone),RedmiNote14 5G 8+256G India; Crimson Art/White 180,Two colors at same posted price; USD 180
Yesterday,Azmat Bristol,Redmi Note 14S 8+256GB EU,,Bristol fones fzco (Xiaomi Supplier Dubai free zone),RedmiNote14S 8+256G EU Black/Blue/Purple 195,Colors deduplicated; USD 195
Yesterday,Azmat Bristol,Xiaomi 14 Ultra 16+512GB EN,,Bristol fones fzco (Xiaomi Supplier Dubai free zone),Xiaomi 14 Ultra 16+512G EN Black/White 740,Black/White; USD 740
Yesterday,Azmat Bristol,Xiaomi MIX Flip 12+512GB EU,,Bristol fones fzco (Xiaomi Supplier Dubai free zone),Xiaomi MIX Flip 12+512G EU Black 485,USD 485
Yesterday,Azmat Bristol,POCO F6 12+512GB ID,,Bristol fones fzco (Xiaomi Supplier Dubai free zone),POCOF6 12+512G ID Titanium 255,Titanium; USD 255
Yesterday,Azmat Bristol,POCO X7 Pro 12+512GB EU,,Bristol fones fzco (Xiaomi Supplier Dubai free zone),POCO X7pro 12+512G EU Green 318,Green; USD 318
Yesterday,Azmat Bristol,POCO X8 Pro Max 12+256GB EU,,Bristol fones fzco (Xiaomi Supplier Dubai free zone),POCO X8pro Max 12+256G EU Orange 448,Orange; USD 448
Yesterday,Mayco International Ltd.,HONOR 600 Lite 5G 8+256 EU-Thailand spec,,IQBAL-Mayco,HONOR 600 Lite 5G 8+256 EU-Thailand spec; $242,"Message also listed black 250, gold 330, green 350; USD 242"
Yesterday,Bombay Digital DXB,Samsung S25,,WTS MGT,WTS S25 mix silver mint fze,No price posted
Today 12:06 AM,Mohit - Teleflex DXB,ZTE Blade A75 5G 4/128 with NFC,,Teleflex Telecom Fzco,Selling Zte Blade A75 5g 4/128 With NFC,No price posted
Thursday,CHIRAG DXB,Xiaomi Note 14S 8/256GB,,CHIRAG DXB,WTS NOTE 14S 8/256 - 185 $,USD 185
Thursday,CHIRAG DXB,Xiaomi Note 15 Pro 8/256GB,,CHIRAG DXB,WTS NOTE 15 PRO 8/256 - 262$,USD 262
Today 12:15 AM,Ali Raza - Cellutech,Redmi A5 3/64GB,,Ali Raza - Cellutech,"Redmi A5 3/64GB $94; Ru/Global; Black, Blue, Green",Listed with available quantities by color; USD 94
Today 12:15 AM,Ali Raza - Cellutech,Redmi A7 Pro 4G 4/128GB,,Ali Raza - Cellutech,Redmi A7 PRO 4/128GB $113; EU/Global,Black listed; USD 113
Today 12:15 AM,Ali Raza - Cellutech,Redmi Note 15 8/256GB,,Ali Raza - Cellutech,Redmi Note 15 8/256GB $198; EU/Global,"Black, Blue, Purple; quantities shown; USD 198"
Today 12:15 AM,Ali Raza - Cellutech,Redmi Note 15 8/256GB NFC,,Ali Raza - Cellutech,Redmi Note 15 8/256GB $200 NFC; EU/Global,Black listed; USD 200
Today 12:15 AM,Ali Raza - Cellutech,Redmi Note 15 Pro 4G 8/256GB,,Ali Raza - Cellutech,Redmi Note 15 pro 4G 8/256GB $265; EU/Global,Black and Titanium listed; USD 265
Today 12:15 AM,Ali Raza - Cellutech,Redmi 15C 4G 8/256GB,,Ali Raza - Cellutech,Redmi 15C 4G 8/256GB $145; EU/Global,"Black, Blue, Green, Orange listed; USD 145"
Today 12:15 AM,Ali Raza - Cellutech,Redmi Note 15 Pro+ 12/512GB,,Ali Raza - Cellutech,Redmi Note 15 Pro + 12/512GB $368; EU/Global,"Black, Brown, Blue listed; USD 368"
Today 12:15 AM,Ali Raza - Cellutech,POCO C85 6/128GB,,Ali Raza - Cellutech,Poco C85 6/128GB $120; EU/Global,"Black, Purple, Green listed; USD 120"
Today 12:15 AM,Ali Raza - Cellutech,POCO C81 Pro 4/64GB,,Ali Raza - Cellutech,Poco C81 PRO 4/64GB $97; EU/Global,"Black, Gold, Green listed; USD 97"
Today 12:15 AM,Ali Raza - Cellutech,POCO X8 Pro 5G 8/256GB,,Ali Raza - Cellutech,Poco X8 pro 5G 8/256GB $335; EU/Global,"Black, White, Green, Yellow listed; USD 335"
Today 12:15 AM,Ali Raza - Cellutech,POCO X8 Pro 12/512GB,,Ali Raza - Cellutech,Poco X8 pro 12/512GB $389; EU/Global,"Black, White, Green, Yellow listed; USD 389"
Today 12:15 AM,Ali Raza - Cellutech,POCO X8 Pro Max 5G 12/512GB,,Ali Raza - Cellutech,Poco X8 pro max 5G 12/512GB $482; EU/Global,"Black, White, Orange listed; USD 482"
Today 12:28 AM,Mohit- Teleflex DXB,Samsung A066 5G 4/64GB; A066 5G 4/128GB; A066 5G 6/128GB; A075 4/64GB; A075 4/128GB; A076 5G 4/64GB; A175 4/128GB; A176 5G 4/128GB,,Teleflex Telecom Fzco,SELLING READY STOCK SAMSUNG MIX SPEC; CALL FOR BEST PRICE,No prices shown; Samsung ready-stock mix
Today 12:28 AM,Mohit- Teleflex DXB,OnePlus Nord CE5 5G 8/256GB,,Teleflex Telecom Fzco,ONEPLUS GLOBAL SPEC Nord CE5 5G 8/256gb,No price shown; call for best price
Today 12:28 AM,Mohit- Teleflex DXB,Redmi A5 3/64GB; Redmi A7 Pro 4/64GB; Redmi A7 Pro 4/128GB; Redmi 15C 8/256GB,,Teleflex Telecom Fzco,"REDMI GLOBAL SPEC A5, A7 Pro, 15C; CALL FOR BEST PRICE",No prices shown; ready stock
Today 12:28 AM,Mohit- Teleflex DXB,ZTE Blade A35E 2/64GB; Blade A36 2/64GB; Blade A36 4/64GB; Blade A56 4/128GB; Blade A75 5G 4/128GB; Blade A76 4G 4/128GB; Blade A76 5G 4/128GB; ZTE A57 4/64GB; ZTE A57 4/128GB; ZTE A77 4/128GB,,Teleflex Telecom Fzco,ZTE MODELS Blade A35E/A36/A56/A75/A76/A57/A77,No prices shown; ready stock
Today 12:28 AM,Mohit- Teleflex DXB,Honor X6D 5G 4/128GB; Honor X6C 6/128GB,,Teleflex Telecom Fzco,HONOR GLOBAL X6D 5G 4/128GB X6C 6/128GB,No prices shown; ready stock
Today 12:28 AM,Mohit- Teleflex DXB,Nubia Neo 5 5G 8/256GB; Neo 5 GT 5G 8/256GB; Neo 5 Max 5G 8/256GB; Nubia Air Pro 5G 8/256GB,,Teleflex Telecom Fzco,"NUBIA SERIES Neo 5, Neo 5 GT, Neo 5 Max, Nubia Air Pro",No prices shown; ready stock
Today 12:15 AM,Ali Raza - Cellutech,Redmi A5 3/64GB,,Ali Raza - Cellutech,Redmi A5 3/64GB $94,"RU/global; Black 400, Blue 200, Green 200; USD 94"
Today 12:15 AM,Ali Raza - Cellutech,Redmi A7 Pro 4G 4/64GB,,Ali Raza - Cellutech,Redmi A7 pro 4G 4/64GB $98,"EU/global; Black 240, Blue 150, Green 100; USD 98"
Today 12:15 AM,Ali Raza - Cellutech,Redmi A7 PRO 4/128GB,,Ali Raza - Cellutech,Redmi A7 PRO 4/128GB $113,EU/global; Black 200; USD 113
Today 12:15 AM,Ali Raza - Cellutech,Redmi Note 15 8/256GB,,Ali Raza - Cellutech,Redmi Note 15 8/256GB $200,EU/global; Black 150 NFC; USD 200
Today 12:15 AM,Ali Raza - Cellutech,Redmi A5 3/64GB,,Ali Raza - Cellutech,Redmi A5 3/64GB USD 94,EU/Global stock list; quantities and colors posted; USD 94
Today 12:15 AM,Ali Raza - Cellutech,Redmi A7 Pro 4G 4/64GB,,Ali Raza - Cellutech,Redmi A7 Pro 4G 4/64GB USD 98,EU/Global stock list; quantities and colors posted; USD 98
Today 12:15 AM,Ali Raza - Cellutech,Redmi A7 Pro 4G 4/128GB,,Ali Raza - Cellutech,Redmi A7 Pro 4G 4/128GB USD 113,EU/Global stock list; quantities and colors posted; USD 113
Today 12:15 AM,Ali Raza - Cellutech,Redmi Note 15 8/256GB,,Ali Raza - Cellutech,Redmi Note 15 8/256GB USD 198,EU/Global stock list; quantities and colors posted; USD 198
Today 12:15 AM,Ali Raza - Cellutech,Redmi Note 15 8/256GB NFC,,Ali Raza - Cellutech,Redmi Note 15 8/256GB NFC USD 200,EU/Global stock list; quantities and colors posted; USD 200
Today 12:15 AM,Ali Raza - Cellutech,Redmi Note 15 Pro 4G 8/256GB,,Ali Raza - Cellutech,Redmi Note 15 Pro 4G 8/256GB USD 265,EU/Global stock list; quantities and colors posted; USD 265
Today 12:15 AM,Ali Raza - Cellutech,Redmi 15C 4G 8/256GB,,Ali Raza - Cellutech,Redmi 15C 4G 8/256GB USD 145,EU/Global stock list; quantities and colors posted; USD 145
Today 12:15 AM,Ali Raza - Cellutech,Redmi Note 15 Pro+ 12/512GB,,Ali Raza - Cellutech,Redmi Note 15 Pro+ 12/512GB USD 368,EU/Global stock list; quantities and colors posted; USD 368
Today 12:15 AM,Ali Raza - Cellutech,POCO C85 8/256GB,,Ali Raza - Cellutech,POCO C85 8/256GB USD 146,EU/Global stock list; quantities and colors posted; USD 146
Today 12:15 AM,Ali Raza - Cellutech,POCO C85 6/128GB,,Ali Raza - Cellutech,POCO C85 6/128GB USD 120,EU/Global stock list; quantities and colors posted; USD 120
Today 12:15 AM,Ali Raza - Cellutech,POCO C81 Pro 4/64GB,,Ali Raza - Cellutech,POCO C81 Pro 4/64GB USD 97,EU/Global stock list; quantities and colors posted; USD 97
Today 12:15 AM,Ali Raza - Cellutech,POCO X8 Pro 5G 8/256GB,,Ali Raza - Cellutech,POCO X8 Pro 5G 8/256GB USD 335,EU/Global stock list; quantities and colors posted; USD 335
Today 12:15 AM,Ali Raza - Cellutech,POCO X8 Pro 12/512GB,,Ali Raza - Cellutech,POCO X8 Pro 12/512GB USD 389,EU/Global stock list; quantities and colors posted; USD 389
Today 12:15 AM,Ali Raza - Cellutech,POCO X8 Pro Max 5G 12/512GB,,Ali Raza - Cellutech,POCO X8 Pro Max 5G 12/512GB USD 482,EU/Global stock list; quantities and colors posted; USD 482
Today 1:40 AM,Roy HK,POCO C71 4+128 EU,,Roy HK,Poco C71 4+128 EU $102,Black/Blue/Gold; 1000 each; USD 102
Today 1:06 AM,Joy Xie HK,POCO C71 4+64 EU,,Joy Xie HK,Poco C71 4+64 EU $92,EX HK; USD 92
Today 1:06 AM,Joy Xie HK,POCO C71 4+128 EU,,Joy Xie HK,Poco C71 4+128 EU $105,EX HK; USD 105
Today 2:19 AM,Mobile Telecom Industry,Samsung Galaxy A36 8/128GB,,Mobile Telecom Industry,Want to sell Samsung A36 8/128 — 216$ HOTT PRICE,Simfree; blue/green; ready in Dafza; USD 216
Today 12:19 AM,Bombay Digital DXB,Samsung S25 Edge 256GB,,Bombay Digital DXB,S25 Edge 256GB — 1850 dh,WTS MGT; 2 pcs only; English stock; AED 1850
Today 12:28 AM,Mohit- Teleflex DXB,ZTE Blade A75 5G 4/128GB,,Teleflex Telecom Fzco,SELLING READY STOCK ... Blade A75 5g 4/128gb,Ready-stock list; call for best price; No price posted
Today 1:06 AM,Joy Xie HK,POCO C71 4/64GB,,Joy Xie HK,Poco C71 4+64 EU $92,EX/HK; EU specification; USD 92
Today 1:06 AM,Joy Xie HK,POCO C71 4/128GB,,Joy Xie HK,Poco C71 4+128 EU $105,EX/HK; EU specification; USD 105
Today 12:14 AM,Roy HK,Redmi 15C 5G NFC 4+128GB,,Roy HK,Redmi 15C 5G NFC 4+128 EU $148,"EX/HK; Black 200, Green 200, Purple 200; USD 148"
Today 1:40 AM,Roy HK,POCO C71 4+128GB,,Roy HK,Poco C71 4+128 EU $102,"EX/HK; Black 1000, Blue 1000, Gold 1000; USD 102"
2026-09-14 01:53,Sahil Bora DXB,Samsung A175 4/128GB,,Sahil Bora DXB,Samsung A175 4/128GB,WTS Ready Stock In FZE; no price posted; UAE Arabic/Indian specs; ready stock
2026-09-14 01:53,Sahil Bora DXB,Samsung A07 4G 4/64GB,,Sahil Bora DXB,Samsung A07 4G (4/64),WTS Ready Stock In FZE; no price posted; UAE Arabic/Indian specs; ready stock
2026-09-14 01:53,Sahil Bora DXB,Samsung A36 5G A366E/DS 8/128GB,,Sahil Bora DXB,Samsung A36 5G (A366E/DS) (8/128),WTS Ready Stock In FZE; no price posted; UAE Arabic/Indian specs; ready stock
2026-09-14 01:53,Sahil Bora DXB,Samsung A36 5G A366E/DS 8/256GB,,Sahil Bora DXB,Samsung A36 5G (A366E/DS) (8/256),WTS Ready Stock In FZE; no price posted; UAE Arabic/Indian specs; ready stock
2026-09-14 01:53,Sahil Bora DXB,Samsung M17 5G 4/128GB,,Sahil Bora DXB,Samsung M17 5G (4/128),WTS Ready Stock In FZE; no price posted; UAE Arabic/Indian specs; ready stock
2026-09-14 01:53,Sahil Bora DXB,Samsung M17e 5G 4/128GB,,Sahil Bora DXB,Samsung M17e 5G (4/128),WTS Ready Stock In FZE; no price posted; UAE Arabic/Indian specs; ready stock
2026-09-14 01:53,Sahil Bora DXB,Samsung S25 FE S731B/DS 8/128GB,,Sahil Bora DXB,Samsung S25 FE S731B/DS (8/128),WTS Ready Stock In FZE; no price posted; UAE Arabic/Indian specs; ready stock
2026-09-14 01:53,Sahil Bora DXB,Samsung Tab A11+ 5G X236B 6/128GB,,Sahil Bora DXB,Samsung Tab A11+ 5G X236B (6/128),WTS Ready Stock In FZE; no price posted; UAE Arabic/Indian specs; ready stock
2026-09-14 01:53,Sahil Bora DXB,Google Pixel 11 512GB,,Sahil Bora DXB,Google Pixel 11 512GB 33 pcs,WTS Ready Stock In FZE; no price posted; UAE Arabic/Indian specs; ready stock; 33 pcs
2026-09-14 01:55,WTS KANABAR 🇮🇳 SPEC,Samsung A07 5G 4/128GB,,WTS KANABAR 🇮🇳 SPEC,Wts Samsung A07 5g 4/128 5000unit,"No price posted; on booking; quantity 5,000 units"
2026-09-14 01:55,WTS KANABAR 🇮🇳 SPEC,Samsung A07 5G 6/128GB,,WTS KANABAR 🇮🇳 SPEC,A07 5G 6/128 500unit,No price posted; on booking; quantity 500 units
2026-09-14 02:01,KHALID ZAID SWIFT TELECOM,Samsung A075 4/64GB,,KHALID ZAID SWIFT TELECOM,-A075 4 64@385,Price marker @385; currency not stated; quantities/colors: Black 460; Violet 100; Green 100
2026-09-14 02:01,KHALID ZAID SWIFT TELECOM,Samsung A075 4/128GB,,KHALID ZAID SWIFT TELECOM,-A075 4 128@435,Price marker @435; currency not stated; quantities/colors: Black 540; Violet 180; Green 180
2026-09-14 02:01,KHALID ZAID SWIFT TELECOM,Samsung A165 4/128GB,,KHALID ZAID SWIFT TELECOM,-A165 4 128@495,Price marker @495; currency not stated; quantities/colors: Black 300; Gray 200
2026-09-14 02:01,KHALID ZAID SWIFT TELECOM,Samsung A175 4/128GB,,KHALID ZAID SWIFT TELECOM,-A175 4 128@535,"Price marker @535; currency not stated; quantities/colors: Black 2,000"
2026-09-14 02:01,KHALID ZAID SWIFT TELECOM,Samsung A175 6/128GB,,KHALID ZAID SWIFT TELECOM,-A175 6 128@615,Price marker @615; currency not stated; quantities/colors: Black 190; Gray 65; Blue 85
2026-09-14 01:52,Taha - Century Promise Communications FZCO,Blackview tablets and mobile phones,,Taha - Century Promise Communications FZCO,We will start bringing blackview tablet and mobile phones. Extremely cheap prices,New supplier intro; tablet/mobile phone range; no model or currency/price posted
2026-09-14 01:50,WTS MGT,Samsung S25 FE 8/128GB,,WTS MGT,S25 fe 8/128,WTS; no price posted; ready local
2026-09-14 01:50,WTS MGT,Samsung S25 FE 8/256GB,,WTS MGT,S25 fe 8/256,WTS; no price posted; ready local
2026-09-14 01:50,WTS MGT,Samsung S25 8/256GB,,WTS MGT,S25 8/256 🇦🇪,WTS; UAE spec; no price posted; ready local
2026-09-14 01:50,WTS MGT,Samsung S25 12/256GB mix,,WTS MGT,S25 12/256 mix,WTS; mixed; no price posted; ready local
2026-09-14 01:50,WTS MGT,Samsung M07 4/64GB,,WTS MGT,M07 4/64-30,"WTS; price marker 30, currency not stated; edited 1:50 AM"
2026-09-14 01:47,👍🇦🇪Burhan Baraka Fzco🇦🇪👍,Samsung S25 S931 12+ B/DS 256GB,,👍🇦🇪Burhan Baraka Fzco🇦🇪👍,Samsung S25 S931 12+ B/DS 256gb @$550,USD 550; Singapore/Latin specs; ready stock DAFZA Dubai; Navy 50 pcs
2026-09-14 01:47,👍🇦🇪Burhan Baraka Fzco🇦🇪👍,Samsung S25 Ultra S938 12+ B/DS 512GB,,👍🇦🇪Burhan Baraka Fzco🇦🇪👍,Samsung S25 Ultra S938 12+ B/DS 512gb @$790,"USD 790; Singapore/Latin specs; ready stock DAFZA Dubai; Black 140, Grey 140, White 80 pcs"
2026-09-14 01:47,👍🇦🇪Burhan Baraka Fzco🇦🇪👍,Samsung S26 S942 12+ B/DS 512GB,,👍🇦🇪Burhan Baraka Fzco🇦🇪👍,Samsung S26 S942 12+ B/DS 512gb @$770,"USD 770; Singapore/Latin specs; ready stock DAFZA Dubai; Black 60, Violet 60, Blue 20, White 20 pcs"
2026-09-14 01:47,👍🇦🇪Burhan Baraka Fzco🇦🇪👍,Samsung S26 Ultra S948 12+ B/DS 512GB,,👍🇦🇪Burhan Baraka Fzco🇦🇪👍,Samsung S26 Ultra S948 12+ B/DS 512gb @$980,USD 980; Singapore/Latin specs; ready stock DAFZA Dubai; Blue 100 pcs
Today 2:05 AM,ROYAL LINE ELECTRONICS FZCO,A075 4/128GB,,ROYAL LINE ELECTRONICS FZCO,A075 / 4/128GB; Ready Stock,no price posted; ready stock
Today 2:05 AM,ROYAL LINE ELECTRONICS FZCO,A165 4/128GB,,ROYAL LINE ELECTRONICS FZCO,A165 / 4/128GB; Ready Stock,no price posted; ready stock
Today 2:05 AM,ROYAL LINE ELECTRONICS FZCO,A175 4/128GB,,ROYAL LINE ELECTRONICS FZCO,A175 / 4/128GB; Ready Stock,no price posted; ready stock
Today 2:05 AM,ROYAL LINE ELECTRONICS FZCO,A175 6/128GB,,ROYAL LINE ELECTRONICS FZCO,A175 / 6/128GB; Ready Stock,no price posted; ready stock
Today 2:17 AM,ROYAL LINE ELECTRONICS FZCO,A17 6/128,,ROYAL LINE ELECTRONICS FZCO,A17 6/128 SOLD ALL THANKS,no price posted; sold all
Today 1:52 AM,Taha - Century Promise Communications FZCO,Blackview mobile phones/tablets (unspecified),,Taha - Century Promise Communications FZCO,We will start bringing blackview tablet and mobile phones. Extremely cheap prices,no price posted; extremely cheap prices; tablet mention excluded from model detail
Today 1:13 AM,WTS MGT,Samsung S25 FE 8/128,,WTS MGT,WTS; S25 fe 8/128; Ready local,no price posted; ready local
Today 1:13 AM,WTS MGT,Samsung S25 FE 8/256,,WTS MGT,S25 fe 8/256; Ready local,no price posted; ready local
Today 1:13 AM,WTS MGT,Samsung S25 FE 8/256 UAE,,WTS MGT,S25 fe 8/256 UAE; Ready local,no price posted; UAE variant; ready local
Today 1:13 AM,WTS MGT,Samsung S25 12/256,,WTS MGT,S25 12/256 mix; Ready local,no price posted; mixed stock; ready local
Today 1:50 AM,WTS MGT,M07 4/64,,WTS MGT,M07 4/64-30,no price posted; trailing 30 marker
Today 1:47 AM,Burhan Baraka Fzco,Samsung S25 S931 12+ B/DS 256GB,,Burhan Baraka Fzco,Samsung S25 S931 12+ B/DS 256gb @ $550,USD price; Latin specs; ready stock in DAFZA Dubai; $550
Today 1:47 AM,Burhan Baraka Fzco,Samsung S25 Ultra S938 12+ B/DS 512GB,,Burhan Baraka Fzco,Samsung S25 Ultra S938 12+ B/DS 512gb @ $790,USD price; Latin specs; ready stock in DAFZA Dubai; $790
Today 1:47 AM,Burhan Baraka Fzco,Samsung S26 S942 12+ B/DS 512GB,,Burhan Baraka Fzco,Samsung S26 S942 12+ B/DS 512gb @ $770,USD price; Latin specs; ready stock in DAFZA Dubai; $770
Today 1:47 AM,Burhan Baraka Fzco,Samsung S26 Ultra S948 12+ B/DS 512GB,,Burhan Baraka Fzco,Samsung S26 Ultra S948 12+ B/DS 512gb @ $980,USD price; Latin specs; ready stock in DAFZA Dubai; $980
Today 1:53 AM,Sahil Bora DXB,Samsung A07 4G 4/64,,Sahil Bora DXB,Samsung A07 4G (4/64),no price posted; Indian specs; FOB Dubai
Today 1:53 AM,Sahil Bora DXB,Samsung A36 5G A366E/DS 8/128,,Sahil Bora DXB,Samsung A36 5G (A366E/DS) (8/128),no price posted; Indian specs; FOB Dubai
Today 1:53 AM,Sahil Bora DXB,Samsung A36 5G A366E/DS 8/256,,Sahil Bora DXB,Samsung A36 5G (A366E/DS) (8/256),no price posted; Indian specs; FOB Dubai
Today 1:53 AM,Sahil Bora DXB,Samsung M17 5G 4/128,,Sahil Bora DXB,Samsung M17 5G (4/128),no price posted; Indian specs; FOB Dubai
Today 1:53 AM,Sahil Bora DXB,Samsung M17e 5G 4/128,,Sahil Bora DXB,Samsung M17e 5G (4/128),no price posted; Indian specs; FOB Dubai
Today 1:53 AM,Sahil Bora DXB,Samsung S25 FE S731B/DS 8/128,,Sahil Bora DXB,Samsung S25 FE S731B/DS (8/128),no price posted; Indian specs; FOB Dubai
Today 1:53 AM,Sahil Bora DXB,Motorola Edge 60 Fusion 12/256,,Sahil Bora DXB,Motorola Edge 60 Fusion (12/256) (In Booking),no price posted; in booking; FOB Dubai
Today 1:25 AM,CHIRAG DXB,A075 4/64 Thai,,CHIRAG DXB,A075 4/64 THAI ...,no price posted
Today 1:25 AM,CHIRAG DXB,A075 4/64 Arabic,,CHIRAG DXB,A075 4/64 ARABIC ...,no price posted
Today 1:25 AM,CHIRAG DXB,Note 14S 8/256,,CHIRAG DXB,NOTE 14S 8/256 -,no price posted
Today 1:25 AM,CHIRAG DXB,Note 15 Pro 8/256,,CHIRAG DXB,NOTE 15 PRO 8/256 -,no price posted
Yesterday 11:41 PM,Bristol fones fzco (Xiaomi Supplier Dubai free zone),Redmi Note 14 5G 8+256G India,,Bristol fones fzco (Xiaomi Supplier Dubai free zone),RedmiNote14 5G 8+256G India Crimson Art 180,currency not stated; Crimson Art; 180
Yesterday 11:41 PM,Bristol fones fzco (Xiaomi Supplier Dubai free zone),Redmi Note 14 5G 8+256G India,,Bristol fones fzco (Xiaomi Supplier Dubai free zone),RedmiNote14 5G 8+256G India White 180,currency not stated; White; 180
Yesterday 11:41 PM,Bristol fones fzco (Xiaomi Supplier Dubai free zone),Redmi Note 14S 8+256G EU,,Bristol fones fzco (Xiaomi Supplier Dubai free zone),RedmiNote14S 8+256G EU Black 195,currency not stated; Black; 195
Yesterday 11:41 PM,Bristol fones fzco (Xiaomi Supplier Dubai free zone),Redmi Note 14S 8+256G EU,,Bristol fones fzco (Xiaomi Supplier Dubai free zone),RedmiNote14S 8+256G EU Blue 195,currency not stated; Blue; 195
Yesterday 11:41 PM,Bristol fones fzco (Xiaomi Supplier Dubai free zone),Redmi Note 14S 8+256G EU,,Bristol fones fzco (Xiaomi Supplier Dubai free zone),RedmiNote14S 8+256G EU Purple 195,currency not stated; Purple; 195
Yesterday 11:41 PM,Bristol fones fzco (Xiaomi Supplier Dubai free zone),Xiaomi 14 Ultra 16+512G EN,,Bristol fones fzco (Xiaomi Supplier Dubai free zone),Xiaomi 14 Ultra 16+512G EN Black 740,currency not stated; Black; 740
Yesterday 11:41 PM,Bristol fones fzco (Xiaomi Supplier Dubai free zone),Xiaomi 14 Ultra 16+512G EN,,Bristol fones fzco (Xiaomi Supplier Dubai free zone),Xiaomi 14 Ultra 16+512G EN White 740,currency not stated; White; 740
Yesterday 11:41 PM,Bristol fones fzco (Xiaomi Supplier Dubai free zone),Xiaomi MIX Flip 12+512G EU,,Bristol fones fzco (Xiaomi Supplier Dubai free zone),Xiaomi MIX Flip 12+512G EU Black 485,currency not stated; Black; 485
Yesterday 11:41 PM,Bristol fones fzco (Xiaomi Supplier Dubai free zone),POCO F6 12+512G JD,,Bristol fones fzco (Xiaomi Supplier Dubai free zone),POCOF6 12+512G JD Titanium 255,currency not stated; Titanium; 255
Yesterday 11:41 PM,Bristol fones fzco (Xiaomi Supplier Dubai free zone),POCO X7 Pro 12+512G EU,,Bristol fones fzco (Xiaomi Supplier Dubai free zone),POCO X7pro 12+512G EU Green 318,currency not stated; Green; 318
Yesterday 11:41 PM,Bristol fones fzco (Xiaomi Supplier Dubai free zone),POCO X8 Pro Max 12+256G EU,,Bristol fones fzco (Xiaomi Supplier Dubai free zone),POCO X8pro Max 12+256G EU Orange 448,currency not stated; Orange; 448
Yesterday 11:31 PM,IQBAL-Mayco,HONOR 600 Lite 5G 8+256 EU-Thailand spec,,IQBAL-Mayco,HONOR 600 Lite 5G 8+256 EU-Thailand spec; black 250; Gold 330; Green 350; $242,USD shown as $242; color figures 250/330/350 have unclear meaning; $242; black 250; Gold 330; Green 350
Today 2:25 AM,Parth Kanabar,Samsung M17e 4/128,,WTS KANABAR 🇮🇳 SPEC,Wts Samsung M17e 4/128 500; On booking; Logix one DXB,on booking; Logix one DXB; 500
Today 2:25 AM,Parth Kanabar,Samsung M17e 6/128,,WTS KANABAR 🇮🇳 SPEC,Wts Samsung M17e 6/128 500; On booking; Logix one DXB,on booking; Logix one DXB; 500
Today 2:42 AM,Parth Kanabar,Samsung S26 12/256,,WTS KANABAR 🇮🇳 SPEC,Wts Samsung S26 12/256 50/100 Mix colour; Ready in 2days; Logix one DXB,mix colour; ready in 2 days; Logix one DXB; 50/100
Today 1:55 AM,Parth Kanabar,Samsung A07 5G 4/128,,WTS KANABAR 🇮🇳 SPEC,Wts Samsung A07 5G 4/128 500Unit; On booking,on booking; 500Unit
Today 1:55 AM,Parth Kanabar,Samsung A07 5G 6/128,,WTS KANABAR 🇮🇳 SPEC,Wts Samsung A07 5G 6/128 500Unit; On booking,on booking; 500Unit
Today 1:13 AM,MGT,Samsung S25 FE 8/128,,WTS MGT,WTS Samsung S25 FE 8/128; Ready local,ready local
Today 1:13 AM,MGT,Samsung S25 FE 8/256,,WTS MGT,WTS Samsung S25 FE 8/256; Ready local,ready local
Today 1:13 AM,MGT,Samsung S25 8/256 UAE,,WTS MGT,WTS Samsung S25 8/256 UAE; Ready local,ready local
Today 1:13 AM,MGT,Samsung S25 12/256 mix,,WTS MGT,WTS Samsung S25 12/256 mix; Ready local,ready local
Edited 1:50 AM,MGT,Samsung M07 4/64,,WTS MGT,WTS 🇦🇪 M07 4/64-30,UAE listing; 30
Today 2:34 AM,Bombay Digital DXB,Samsung A07 4/64,,WTS MGT,WTS A07 4/64 indian local 376 dh 100 pcs only,Indian local; 100 pcs only; 376 dh
Today 11:04 AM,Bombay Digital DXB,X230 128 silver,,WTS MGT,Wts 🇦🇪 X230 128 silver Tra 680 dh,silver; 680 dh
Today 1:53 AM,Sahil Bora DXB,Samsung A175 4/128 Arabic,,Sahil Bora DXB,Samsung A175 4/128 Arabic; FOB Dubai,Arabic specs; FOB Dubai
Today 1:53 AM,Sahil Bora DXB,Samsung A07 4G 4/64,,Sahil Bora DXB,Samsung A07 4G 4/64; FOB Dubai,Indian specs; FOB Dubai
Today 1:53 AM,Sahil Bora DXB,Samsung A36 5G A366E/DS 8/128,,Sahil Bora DXB,Samsung A36 5G A366E/DS 8/128; FOB Dubai,Indian specs; FOB Dubai
Today 1:53 AM,Sahil Bora DXB,Samsung A36 5G A366E/DS 8/256,,Sahil Bora DXB,Samsung A36 5G A366E/DS 8/256; FOB Dubai,Indian specs; FOB Dubai
Today 1:53 AM,Sahil Bora DXB,Samsung M17 5G 4/128,,Sahil Bora DXB,Samsung M17 5G 4/128; FOB Dubai,Indian specs; FOB Dubai
Today 1:53 AM,Sahil Bora DXB,Samsung M17e 5G 4/128,,Sahil Bora DXB,Samsung M17e 5G 4/128; FOB Dubai,Indian specs; FOB Dubai
Today 1:53 AM,Sahil Bora DXB,Samsung S25 FE S731B/DS 8/128,,Sahil Bora DXB,Samsung S25 FE S731B/DS 8/128; FOB Dubai,Indian specs; FOB Dubai
Today 1:53 AM,Sahil Bora DXB,Google Pixel 11 512GB,,Sahil Bora DXB,Google Pixel 11 512GB; FOB Dubai,33 pcs; FOB Dubai
Today 1:53 AM,Sahil Bora DXB,Motorola Edge 60 Fusion 12/256,,Sahil Bora DXB,Motorola Edge 60 Fusion 12/256; FOB Dubai,In Booking; FOB Dubai
Today 1:30 AM,Shabbir Simtronics DXB,Samsung A06 A065 4GB+64GB AFR,,Shabbir Simtronics DXB,WTS: 14TH SEP 2026 SIMTRONICS FZCO - DUBAI; Samsung A06 A065 4GB+64GB AFR,Samsung mobile phones; regional spec
Today 1:30 AM,Shabbir Simtronics DXB,Samsung A06 A065 4GB+128GB AFR,,Shabbir Simtronics DXB,WTS: 14TH SEP 2026 SIMTRONICS FZCO - DUBAI; Samsung A06 A065 4GB+128GB AFR,Samsung mobile phones; regional spec
Today 1:30 AM,Shabbir Simtronics DXB,Samsung A07 A075 4GB+64GB INDO/AFB/ARB,,Shabbir Simtronics DXB,WTS: 14TH SEP 2026 SIMTRONICS FZCO - DUBAI; Samsung A07 A075 4GB+64GB INDO/AFB/ARB,Samsung mobile phones; regional spec
Today 1:30 AM,Shabbir Simtronics DXB,Samsung A07 A075 4GB+128GB AFR,,Shabbir Simtronics DXB,WTS: 14TH SEP 2026 SIMTRONICS FZCO - DUBAI; Samsung A07 A075 4GB+128GB AFR,Samsung mobile phones; regional spec
Today 1:30 AM,Shabbir Simtronics DXB,Samsung A07s A077 4GB+64GB AFR,,Shabbir Simtronics DXB,WTS: 14TH SEP 2026 SIMTRONICS FZCO - DUBAI; Samsung A07s A077 4GB+64GB AFR,Samsung mobile phones; regional spec
Today 1:30 AM,Shabbir Simtronics DXB,Samsung A16 A165 4GB+128GB AFB,,Shabbir Simtronics DXB,WTS: 14TH SEP 2026 SIMTRONICS FZCO - DUBAI; Samsung A16 A165 4GB+128GB AFB,Samsung mobile phones; regional spec
Today 1:30 AM,Shabbir Simtronics DXB,Samsung A17 A175 4GB+128GB ARB/AFB,,Shabbir Simtronics DXB,WTS: 14TH SEP 2026 SIMTRONICS FZCO - DUBAI; Samsung A17 A175 4GB+128GB ARB/AFB,Samsung mobile phones; regional spec
Today 1:30 AM,Shabbir Simtronics DXB,Samsung A17 A175 6GB+128GB ARB,,Shabbir Simtronics DXB,WTS: 14TH SEP 2026 SIMTRONICS FZCO - DUBAI; Samsung A17 A175 6GB+128GB ARB,Samsung mobile phones; regional spec
Today 1:30 AM,Shabbir Simtronics DXB,Samsung A17 A175 8GB+128GB,,Shabbir Simtronics DXB,WTS: 14TH SEP 2026 SIMTRONICS FZCO - DUBAI; Samsung A17 A175 8GB+128GB,Samsung mobile phones; regional spec
Today 1:30 AM,Shabbir Simtronics DXB,Samsung A17 A175 8GB+256GB MLY,,Shabbir Simtronics DXB,WTS: 14TH SEP 2026 SIMTRONICS FZCO - DUBAI; Samsung A17 A175 8GB+256GB MLY,Samsung mobile phones; regional spec
Today 1:30 AM,Shabbir Simtronics DXB,Samsung A27 A276 6GB+128GB AFR/EU,,Shabbir Simtronics DXB,WTS: 14TH SEP 2026 SIMTRONICS FZCO - DUBAI; Samsung A27 A276 6GB+128GB AFR/EU,Samsung mobile phones; regional spec
Today 1:30 AM,Shabbir Simtronics DXB,Samsung A27 A276 8GB+256GB MLY/PCT/AFR,,Shabbir Simtronics DXB,WTS: 14TH SEP 2026 SIMTRONICS FZCO - DUBAI; Samsung A27 A276 8GB+256GB MLY/PCT/AFR,Samsung mobile phones; regional spec
Today 1:30 AM,Shabbir Simtronics DXB,Samsung A37 A376 8GB+256GB PCT,,Shabbir Simtronics DXB,WTS: 14TH SEP 2026 SIMTRONICS FZCO - DUBAI; Samsung A37 A376 8GB+256GB PCT,Samsung mobile phones; regional spec
Today 1:30 AM,Shabbir Simtronics DXB,Samsung A37 A376 12GB+256GB MLY,,Shabbir Simtronics DXB,WTS: 14TH SEP 2026 SIMTRONICS FZCO - DUBAI; Samsung A37 A376 12GB+256GB MLY,Samsung mobile phones; regional spec
Today 1:30 AM,Shabbir Simtronics DXB,Samsung A57 A576 8GB+256GB INDO,,Shabbir Simtronics DXB,WTS: 14TH SEP 2026 SIMTRONICS FZCO - DUBAI; Samsung A57 A576 8GB+256GB INDO,Samsung mobile phones; regional spec
Today 1:30 AM,Shabbir Simtronics DXB,Samsung A57 A576 12GB+256GB INDO,,Shabbir Simtronics DXB,WTS: 14TH SEP 2026 SIMTRONICS FZCO - DUBAI; Samsung A57 A576 12GB+256GB INDO,Samsung mobile phones; regional spec
Today 1:30 AM,Shabbir Simtronics DXB,Samsung A57 A576 12GB+512GB SG,,Shabbir Simtronics DXB,WTS: 14TH SEP 2026 SIMTRONICS FZCO - DUBAI; Samsung A57 A576 12GB+512GB SG,Samsung mobile phones; regional spec
Today 1:30 AM,Shabbir Simtronics DXB,Samsung S25 S931 12GB+256GB INDIA,,Shabbir Simtronics DXB,WTS: 14TH SEP 2026 SIMTRONICS FZCO - DUBAI; Samsung S25 S931 12GB+256GB INDIA,Samsung mobile phones; regional spec
Today 1:30 AM,Shabbir Simtronics DXB,Samsung S26 S741 8GB+256GB AFR,,Shabbir Simtronics DXB,WTS: 14TH SEP 2026 SIMTRONICS FZCO - DUBAI; Samsung S26 S741 8GB+256GB AFR,Samsung mobile phones; regional spec
Today 1:30 AM,Shabbir Simtronics DXB,Samsung S26 Ultra S948 12GB+512GB AFR,,Shabbir Simtronics DXB,WTS: 14TH SEP 2026 SIMTRONICS FZCO - DUBAI; Samsung S26 Ultra S948 12GB+512GB AFR,Samsung mobile phones; regional spec
Today 1:25 AM,CHIRAG DXB,Samsung A075 4/64 Thai,,CHIRAG DXB,WTS Samsung A075 4/64 Thai; price not posted,today WTS; price not posted
Today 1:25 AM,CHIRAG DXB,Samsung A075 4/64 Arabic,,CHIRAG DXB,WTS Samsung A075 4/64 Arabic; price not posted,today WTS; price not posted
Today 1:25 AM,CHIRAG DXB,Redmi Note 14S 8/256,,CHIRAG DXB,WTS Redmi Note 14S 8/256; price not posted,today WTS; price not posted
Today 1:25 AM,CHIRAG DXB,Redmi Note 15 Pro 8/256,,CHIRAG DXB,WTS Redmi Note 15 Pro 8/256; price not posted,today WTS; price not posted
Today 12:28 AM,Mohit- Teleflex DXB,Samsung A066 5G 4/64GB,,Mohit- Teleflex DXB,SELLING READY STOCK; Samsung A066 5G 4/64GB,ready stock
Today 12:28 AM,Mohit- Teleflex DXB,Samsung A066 5G 4/128GB,,Mohit- Teleflex DXB,SELLING READY STOCK; Samsung A066 5G 4/128GB,ready stock
Today 12:28 AM,Mohit- Teleflex DXB,Samsung A066 5G 6/128GB,,Mohit- Teleflex DXB,SELLING READY STOCK; Samsung A066 5G 6/128GB,ready stock
Today 12:28 AM,Mohit- Teleflex DXB,Samsung A075 4/64GB,,Mohit- Teleflex DXB,SELLING READY STOCK; Samsung A075 4/64GB,ready stock
Today 12:28 AM,Mohit- Teleflex DXB,Samsung A076 5G 4/64GB,,Mohit- Teleflex DXB,SELLING READY STOCK; Samsung A076 5G 4/64GB,ready stock
Today 12:28 AM,Mohit- Teleflex DXB,Samsung A075 4/128GB,,Mohit- Teleflex DXB,SELLING READY STOCK; Samsung A075 4/128GB,ready stock
Today 12:28 AM,Mohit- Teleflex DXB,Samsung A175 4/128GB,,Mohit- Teleflex DXB,SELLING READY STOCK; Samsung A175 4/128GB,ready stock
Today 12:28 AM,Mohit- Teleflex DXB,Samsung A176 5G 4/128GB,,Mohit- Teleflex DXB,SELLING READY STOCK; Samsung A176 5G 4/128GB,ready stock
Today 12:28 AM,Mohit- Teleflex DXB,OnePlus Nord CE5 5G 8/256GB,,Mohit- Teleflex DXB,SELLING READY STOCK; OnePlus Nord CE5 5G 8/256GB,ready stock
Today 12:28 AM,Mohit- Teleflex DXB,Redmi A5 3/64GB,,Mohit- Teleflex DXB,SELLING READY STOCK; Redmi A5 3/64GB,ready stock
Today 12:28 AM,Mohit- Teleflex DXB,Redmi A7 Pro 4/64GB,,Mohit- Teleflex DXB,SELLING READY STOCK; Redmi A7 Pro 4/64GB,ready stock
Today 12:28 AM,Mohit- Teleflex DXB,Redmi A7 Pro 4/128GB,,Mohit- Teleflex DXB,SELLING READY STOCK; Redmi A7 Pro 4/128GB,ready stock
Today 12:28 AM,Mohit- Teleflex DXB,Redmi 15C 8/256GB,,Mohit- Teleflex DXB,SELLING READY STOCK; Redmi 15C 8/256GB,ready stock
Today 12:28 AM,Mohit- Teleflex DXB,ZTE Blade A35E 2/64GB,,Mohit- Teleflex DXB,SELLING READY STOCK; ZTE Blade A35E 2/64GB,ready stock
Today 12:28 AM,Mohit- Teleflex DXB,ZTE Blade A36 2/64GB,,Mohit- Teleflex DXB,SELLING READY STOCK; ZTE Blade A36 2/64GB,ready stock
Today 12:28 AM,Mohit- Teleflex DXB,ZTE Blade A36 4/64GB,,Mohit- Teleflex DXB,SELLING READY STOCK; ZTE Blade A36 4/64GB,ready stock
Today 12:28 AM,Mohit- Teleflex DXB,ZTE Blade A56 4/128GB,,Mohit- Teleflex DXB,SELLING READY STOCK; ZTE Blade A56 4/128GB,ready stock
Today 12:28 AM,Mohit- Teleflex DXB,ZTE Blade A75 5G 4/128GB,,Mohit- Teleflex DXB,SELLING READY STOCK; ZTE Blade A75 5G 4/128GB,ready stock
Today 12:28 AM,Mohit- Teleflex DXB,ZTE Blade A76 4/128GB,,Mohit- Teleflex DXB,SELLING READY STOCK; ZTE Blade A76 4/128GB,ready stock
Today 12:28 AM,Mohit- Teleflex DXB,ZTE Blade A76 5G 4/128GB,,Mohit- Teleflex DXB,SELLING READY STOCK; ZTE Blade A76 5G 4/128GB,ready stock
Today 12:28 AM,Mohit- Teleflex DXB,Honor X6D 5G 4/128GB,,Mohit- Teleflex DXB,SELLING READY STOCK; Honor X6D 5G 4/128GB,ready stock
Today 12:28 AM,Mohit- Teleflex DXB,Honor X6C 6/128GB,,Mohit- Teleflex DXB,SELLING READY STOCK; Honor X6C 6/128GB,ready stock
Today 12:28 AM,Mohit- Teleflex DXB,Nubia Neo 5 5G 8/256GB,,Mohit- Teleflex DXB,SELLING READY STOCK; Nubia Neo 5 5G 8/256GB,ready stock
Today 12:28 AM,Mohit- Teleflex DXB,Nubia Neo 5 GT 5G 8/256GB,,Mohit- Teleflex DXB,SELLING READY STOCK; Nubia Neo 5 GT 5G 8/256GB,ready stock
Today 12:28 AM,Mohit- Teleflex DXB,Nubia Neo 5 Max 5G 8/256GB,,Mohit- Teleflex DXB,SELLING READY STOCK; Nubia Neo 5 Max 5G 8/256GB,ready stock
Today 12:28 AM,Mohit- Teleflex DXB,Samsung A075 4/64GB,,Mohit- Teleflex DXB,Samsung mix spec A075 4/64GB 🔥,flame marker
Today 12:28 AM,Mohit- Teleflex DXB,ZTE A57 4/64GB,,Mohit- Teleflex DXB,ZTE A57 4/64GB 🔥,flame marker
Today 12:28 AM,Mohit- Teleflex DXB,ZTE A57 4/128GB,,Mohit- Teleflex DXB,ZTE A57 4/128GB 🔥,flame marker
Today 12:28 AM,Mohit- Teleflex DXB,ZTE A77 4/128GB,,Mohit- Teleflex DXB,ZTE A77 4/128GB 🔥,flame marker
Today 12:28 AM,Mohit- Teleflex DXB,Nubia Air Pro 5G 8/256GB,,Mohit- Teleflex DXB,Nubia Air Pro 5G 8/256GB 🔥,flame marker
Today 1:47 AM,Juzer-Burhan Electronics,Samsung S25 S931 12+B/DS 256GB,,Burhan Baraka Fzco,Samsung S25 S931 12+ B/DS 256GB @$550; Navy-50,Latin specs; ready stock in DAFZA Dubai; Navy 50; $550
Today 1:47 AM,Juzer-Burhan Electronics,Samsung S25 Ultra S938 12+B/DS 512GB,,Burhan Baraka Fzco,Samsung S25 Ultra S938 12+ B/DS 512GB @$790; BLK-140 Grey-140 White-80,"Latin specs; ready stock in DAFZA Dubai; Black 140, Grey 140, White 80; $790"
Today 1:47 AM,Juzer-Burhan Electronics,Samsung S26 S942 12+B/DS 512GB,,Burhan Baraka Fzco,Samsung S26 S942 12+ B/DS 512GB @$770; BLK-60 Violet-60 Blue-20 White-20,"Latin specs; ready stock in DAFZA Dubai; Black 60, Violet 60, Blue 20, White 20; $770"
Today 1:47 AM,Juzer-Burhan Electronics,Samsung S26 Ultra S948 12+B/DS 512GB,,Burhan Baraka Fzco,Samsung S26 Ultra S948 12+ B/DS 512GB @$980; Blue-100,Latin specs; ready stock in DAFZA Dubai; Blue 100; $980
Today 12:14 AM,Roy HK,Redmi 15C 5G NFC 4+128 EU,,Roy HK,Redmi 15C 5G NFC 4+128 EU $148; Black 200 Green 200 Purple 200,Black 200; Green 200; Purple 200; $148
Today 1:40 AM,Roy HK,Poco C71 4+128 EU,,Roy HK,Poco C71 4+128 EU $102; Black 1000 Blue 1000 Gold 1000,Black 1000; Blue 1000; Gold 1000; $102
Today 2:01 AM,Khaled Zayed,Samsung A075 4/64 Arabic,,KHALID ZAID SWIFT TELECOM,Samsung Arabic Samsung A075 4/64 Arabic @385; Black 460; Violet 100; Green 100,Black 460; Violet 100; Green 100; 385
Today 2:01 AM,Khaled Zayed,Samsung A075 4/128 Arabic,,KHALID ZAID SWIFT TELECOM,Samsung Arabic Samsung A075 4/128 Arabic @435; Black 540; Violet 180; Green 180,Black 540; Violet 180; Green 180; 435
Today 2:01 AM,Khaled Zayed,Samsung A165 4/128 Arabic,,KHALID ZAID SWIFT TELECOM,Samsung Arabic Samsung A165 4/128 Arabic @495; Black 300; Gray 200,Black 300; Gray 200; 495
Today 2:01 AM,Khaled Zayed,Samsung A175 4/128 Arabic,,KHALID ZAID SWIFT TELECOM,Samsung Arabic Samsung A175 4/128 Arabic @535; Black 2000,Black 2000; 535
Today 2:01 AM,Khaled Zayed,Samsung A175 6/128 Arabic,,KHALID ZAID SWIFT TELECOM,Samsung Arabic Samsung A175 6/128 Arabic @615; Black 190; Gray 65; Blue 85,Black 190; Gray 65; Blue 85; 615
Today 2:05 AM,ROYAL LINE ELECTRONICS FZCO,Samsung A075 4/64GB,,ROYAL LINE ELECTRONICS FZCO,"Samsung A075 4/64GB; Black, Violet, Green; Ready Stock","colors: Black, Violet, Green; ready stock"
Today 2:05 AM,ROYAL LINE ELECTRONICS FZCO,Samsung A075 4/128GB,,ROYAL LINE ELECTRONICS FZCO,"Samsung A075 4/128GB; Black, Violet, Green; Ready Stock","colors: Black, Violet, Green; ready stock"
Today 2:05 AM,ROYAL LINE ELECTRONICS FZCO,Samsung A165 4/128GB,,ROYAL LINE ELECTRONICS FZCO,"Samsung A165 4/128GB; Black, Gray; Ready Stock","colors: Black, Gray; ready stock"
Today 2:05 AM,ROYAL LINE ELECTRONICS FZCO,Samsung A175 4/128GB,,ROYAL LINE ELECTRONICS FZCO,Samsung A175 4/128GB; Black; Ready Stock,colors: Black; ready stock
Today 2:05 AM,ROYAL LINE ELECTRONICS FZCO,Samsung A175 6/128GB,,ROYAL LINE ELECTRONICS FZCO,"Samsung A175 6/128GB; Black, Gray, Blue; Ready Stock","colors: Black, Gray, Blue; ready stock"
Today 12:18 AM,KHALID ZAID SWIFT TELECOM,Samsung Arabic bulk stock list (A07/A16/A17/A26/A57/A37/A56/S25 FE/S25 Ultra/S26 Ultra/Z Fold7),,ROYAL LINE ELECTRONICS FZCO,WTB Samsung Arabic; bulk color quantities; ready to confirm order,WTB/stock request in Royal group; no prices; not duplicated as separate priced offers
Today 1:52 AM,Taha - Century Promise Communications FZCO,Blackview mobile phones (unspecified),,Taha - Century Promise Communications FZCO,We will start bringing blackview tablet and mobile phones. Extremely cheap prices,interest ask; no specific model or price posted
Today 2:49 AM,Lancy Tang HK,Redmi 15C 5G 4+128GB EU Spec,,Lancy Tang HK,WTS: Redmi 15C 5G 4+128GB EU Spec — Any demand for the above model?,No price posted
Today 2:25 AM,Parth Kanabar,Samsung M17 4/128,,WTS KANABAR 🇮🇳 SPEC,Wts Samsung M17 4/128 500,Currency not stated; on booking; Logix on DXB; 500
Today 2:25 AM,Parth Kanabar,Samsung M17 6/128,,WTS KANABAR 🇮🇳 SPEC,M17 6/128 500,Currency not stated; on booking; Logix on DXB; 500
Today 2:42 AM,Parth Kanabar,Samsung S26 12/256,,WTS KANABAR 🇮🇳 SPEC,Wts Samsung S26 12/256 50/100 Mix colour Ready in 2days,Currency/meaning of 50/100 not stated; mix colour; ready in 2 days; Logix on DXB
Today 1:13 AM,MGT,Samsung S25 FE 8/128,,WTS MGT,S25 fe 8/128,Ready local
Today 1:13 AM,MGT,Samsung S25 FE 8/256,,WTS MGT,S25 fe 8/256,Ready local
Today 1:13 AM,MGT,Samsung S25 8/256 UAE,,WTS MGT,S25 8/256 🇦🇪,Ready local
Today 1:13 AM,MGT,Samsung S25 12/256 mix,,WTS MGT,S25 12/256 mix,Ready local
Today 1:50 AM,MGT,Samsung M07 4/64,,WTS MGT,M07 4/64-30,Currency not stated; 30 (currency not stated)
Today 2:34 AM,Bombay Digital DXB,Samsung A07 4/64 Indian local,,WTS MGT,WTS A07 4/64 indian local 376 dh 100 pcs only,100 pcs only; AED 376
Today 2:05 AM,Khaled Zayed,Samsung A075 4/64GB,,ROYAL LINE ELECTRONICS FZCO,"A075 | 4/64GB — Black, Violet, Green",Ready stock; DAFZA Dubai
Today 2:05 AM,Khaled Zayed,Samsung A075 4/128GB,,ROYAL LINE ELECTRONICS FZCO,"A075 | 4/128GB — Black, Violet, Green",Ready stock; DAFZA Dubai
Today 2:05 AM,Khaled Zayed,Samsung A165 4/128GB,,ROYAL LINE ELECTRONICS FZCO,"A165 | 4/128GB — Black, Gray",Ready stock; DAFZA Dubai
Today 2:05 AM,Khaled Zayed,Samsung A175 4/128GB,,ROYAL LINE ELECTRONICS FZCO,A175 | 4/128GB — Black,Ready stock; DAFZA Dubai
Today 2:05 AM,Khaled Zayed,Samsung A175 6/128GB,,ROYAL LINE ELECTRONICS FZCO,"A175 | 6/128GB — Black, Gray, Blue",Ready stock; DAFZA Dubai
Today 3:04 AM,Khaled Zayed,Samsung Galaxy A17 4/128GB,,ROYAL LINE ELECTRONICS FZCO,"🔥 WTS | SAMSUNG ARABIC 🇦🇪 — Galaxy A17 | 4/128GB — Black, Gray, Blue",Ready stock — DAFZA Dubai
Today 3:05 AM,Khaled Zayed,Samsung Galaxy A17 6/128GB,,ROYAL LINE ELECTRONICS FZCO,"🔥 WTS | SAMSUNG ARABIC 🇦🇪 — Galaxy A17 | 6/128GB — Black, Gray, Blue",Ready stock — DAFZA Dubai
Today 2:01 AM,Khaled Zayed,Samsung A075 4/64,,KHALID ZAID SWIFT TELECOM,"Samsung Arabic — A075 4 64 @385; Black 460, Violet 100, Green 100",Color availability/counts as posted; 385 (currency not stated)
Today 2:01 AM,Khaled Zayed,Samsung A075 4/128,,KHALID ZAID SWIFT TELECOM,"A075 4 128 @435; Black 540, Violet 180, Green 180",Color availability/counts as posted; 435 (currency not stated)
Today 2:01 AM,Khaled Zayed,Samsung A165 4/128,,KHALID ZAID SWIFT TELECOM,"A165 4 128 @495; Black 300, Gray 200",Color availability/counts as posted; 495 (currency not stated)
Today 2:01 AM,Khaled Zayed,Samsung A175 4/128,,KHALID ZAID SWIFT TELECOM,A175 4 128 @535; Black 2000,Color availability/counts as posted; 535 (currency not stated)
Today 2:01 AM,Khaled Zayed,Samsung A175 6/128,,KHALID ZAID SWIFT TELECOM,"A175 6 128 @615; Black 190, Gray 65, Blue 85",Color availability/counts as posted; 615 (currency not stated)
Today 1:53 AM,Sahil Bora DXB,Samsung S25 FE S731B/DS 8/128,,Sahil Bora DXB,Samsung S25 FE (S731B/DS) (8/128),Indian specs; FOB Dubai
Today 1:53 AM,Sahil Bora DXB,Samsung Tab A11+ 5G X236B 6/128,,Sahil Bora DXB,Samsung Tab A11+ 5G X236B (6/128),Indian specs; FOB Dubai
Today 1:52 AM,Taha,Blackview tablets and mobile phones,,Taha - Century Promise Communications FZCO,We will start bringing blackview tablet and mobile phones. Extremely cheap prices,Generic availability announcement; no model or price posted
Today 1:47 AM,Juzer-Burhan Electronics,Samsung S25 S931 12+ B/DS 256GB,,👍🇦🇪Burhan Baraka Fzco🇦🇪👍,Samsung S25 S931 12+ B/DS 256gb @$550,Latin specs; ready stock in DAFZA Dubai; USD 550
Today 1:47 AM,Juzer-Burhan Electronics,Samsung S25 Ultra S938 12+ B/DS 512GB,,👍🇦🇪Burhan Baraka Fzco🇦🇪👍,Samsung S25 Ultra S938 12+B/DS 512gb @$790,Latin specs; ready stock in DAFZA Dubai; USD 790
Today 1:47 AM,Juzer-Burhan Electronics,Samsung S26 S942 12+ B/DS 512GB,,👍🇦🇪Burhan Baraka Fzco🇦🇪👍,Samsung S26 S942 12+B/DS 512gb @$770,Latin specs; ready stock in DAFZA Dubai; USD 770
Today 1:47 AM,Juzer-Burhan Electronics,Samsung S26 Ultra S948 12+ B/DS 512GB,,👍🇦🇪Burhan Baraka Fzco🇦🇪👍,Samsung S26 Ultra S948 12+B/DS 512gb @$980,Latin specs; ready stock in DAFZA Dubai; USD 980
Today 2:59 AM,Onkar Singh Rajput HK,Samsung A17 8/128GB 5G,,Onkar Singh Rajput HK,Wts Samsung A17 8/128gb 5G — On booking,On booking
Today 2:58 AM,Fiona Tang HK,Note 15 8+256,,Fiona Tang HK,note 15 8+256 193$,USD 193
Today 1:30 AM,Shabbir Simtronics DXB,Samsung A16 A165 4GB+128GB AFB,,Shabbir Simtronics DXB,A16 (A165) 4GB + 128GB | AFB,
Today 1:30 AM,Shabbir Simtronics DXB,Samsung A17 A175 4GB+128GB ARB/AFB,,Shabbir Simtronics DXB,A17 (A175) 4GB + 128GB | ARB/AFB,
Today 1:30 AM,Shabbir Simtronics DXB,Samsung A17 A175 6GB+128GB ARB,,Shabbir Simtronics DXB,A17 (A175) 6GB + 128GB | ARB,
Today 1:30 AM,Shabbir Simtronics DXB,Samsung A17 A175 8GB+128GB ARB,,Shabbir Simtronics DXB,A17 (A175) 8GB + 128GB | ARB,
Today 1:30 AM,Shabbir Simtronics DXB,Samsung A17 A175 8GB+256GB MLY,,Shabbir Simtronics DXB,A17 (A175) 8GB + 256GB | MLY,
Today 1:30 AM,Shabbir Simtronics DXB,Samsung A27 A276 8GB+128GB AFR/EU,,Shabbir Simtronics DXB,A27 (A276) 8GB + 128GB | AFR/EU,
Today 1:30 AM,Shabbir Simtronics DXB,Samsung A27 A276 8GB+256GB MLY/PCT/AFR,,Shabbir Simtronics DXB,A27 (A276) 8GB + 256GB | MLY/PCT/AFR,
Today 1:30 AM,Shabbir Simtronics DXB,Samsung A37 A376 8GB+256GB PCT,,Shabbir Simtronics DXB,A37 (A376) 8GB + 256GB PCT,
Today 1:30 AM,Shabbir Simtronics DXB,Samsung A37 A376 12GB+256GB MLY,,Shabbir Simtronics DXB,A37 (A376) 12GB + 256GB MLY,
Today 1:30 AM,Shabbir Simtronics DXB,Samsung A57 A576 8GB+256GB INDO,,Shabbir Simtronics DXB,A57 (A576) 8GB + 256GB | INDO,
Today 1:30 AM,Shabbir Simtronics DXB,Samsung A57 A576 12GB+256GB INDO,,Shabbir Simtronics DXB,A57 (A576) 12GB + 256GB | INDO,
Today 1:30 AM,Shabbir Simtronics DXB,Samsung A57 A576 12GB+512GB SG,,Shabbir Simtronics DXB,A57 (A576) 12GB + 512GB | SG,
Today 1:30 AM,Shabbir Simtronics DXB,Samsung S25 S931 12GB+256GB INDIA,,Shabbir Simtronics DXB,S25 (S931) 12GB + 256GB INDIA,
Today 1:30 AM,Shabbir Simtronics DXB,Samsung S26 FE S741 8GB+256GB AFR,,Shabbir Simtronics DXB,S26 FE (S741) 8GB + 256GB AFR,
Today 1:30 AM,Shabbir Simtronics DXB,Samsung S26 Ultra S948 12GB+512GB AFR,,Shabbir Simtronics DXB,S26 ULTRA (S948) 12GB + 512GB AFR,
Today 1:25 AM,CHIRAG DXB,Samsung A075 4/64 Thai,,CHIRAG DXB,A075 4/64 THAI,No price posted today
Today 1:25 AM,CHIRAG DXB,Samsung A075 4/64 Arabic,,CHIRAG DXB,A075 4/64 ARABIC,No price posted today
Today 1:25 AM,CHIRAG DXB,Samsung Tab X135 4/64,,CHIRAG DXB,TAB X135 4/64-,No price posted today
Today 1:25 AM,CHIRAG DXB,Samsung Tab X135 8/128,,CHIRAG DXB,TAB X135 8/128-,No price posted today
Today 1:25 AM,CHIRAG DXB,Samsung Tab X236 8/128 India,,CHIRAG DXB,TAB X236 8/128 🇮🇳-,No price posted today
Today 1:25 AM,CHIRAG DXB,Samsung Note 14S 8/256,,CHIRAG DXB,NOTE 14S 8/256-,No price posted today
Today 1:25 AM,CHIRAG DXB,Samsung Note 15 Pro 8/256,,CHIRAG DXB,NOTE 15 PRO 8/256-,No price posted today
Today 1:06 AM,Joy Xie HK,Poco C71 4+64 EU,,Joy Xie HK,"WTS, EX HK — Poco C71 4+64 EU $92",USD 92
Yesterday 10:31 PM,Roy HK,Redmi 15C 4G 4+128 EU,,Roy HK,"Redmi 15C 4G 4+128 EU $115 — Black 500, Green 300, Purple 490",Very recent overnight; color availability/counts as posted; USD 115
Today 12:14 AM,Roy HK,Redmi 15C 5G NFC 4+128 EU,,Roy HK,"Redmi 15C 5G NFC 4+128 EU $148 — Black 200, Green 200, Purple 200",Color availability/counts as posted; USD 148
Today 1:40 AM,Roy HK,Poco C71 4+128 EU,,Roy HK,"Poco C71 4+128 EU $102 — Black 1000, Blue 1000, Gold 1000",Color availability/counts as posted; USD 102
Today 12:58 AM,Juzer-Burhan Electronics,Samsung S25 S931 12+ B/DS 256GB,,Burhan Baraka Fzco,WTS: Latin Specs; Samsung S25 S931 12+ B/DS 256gb@$550; Navy-50,Ready Stock in DAFZA Dubai; USD 550
Today 12:58 AM,Juzer-Burhan Electronics,Samsung S25 Ultra S938 12+ B/DS 512GB,,Burhan Baraka Fzco,WTS: Latin Specs; Samsung S25 Ultra S938 12+ B/DS 512gb@$790; BLK-140 Grey-140 White-80,Ready Stock in DAFZA Dubai; USD 790
Today 12:58 AM,Juzer-Burhan Electronics,Samsung S26 S942 12+ B/DS 512GB,,Burhan Baraka Fzco,WTS: Latin Specs; Samsung S26 S942 12+ B/DS 512gb@$770; BLK-60 Violet-60 Blue-20 White-20,Ready Stock in DAFZA Dubai; USD 770
Today 12:58 AM,Juzer-Burhan Electronics,Samsung S26 Ultra S948 12+ B/DS 512GB,,Burhan Baraka Fzco,WTS: Latin Specs; Samsung S26 Ultra S948 12+ B/DS 512gb@$980; Blue-100,Ready Stock in DAFZA Dubai; USD 980
Today 2:17 AM,KHALID ZAID SWIFT TELECOM,Samsung Galaxy A17 4/128GB,,ROYAL LINE ELECTRONICS FZCO,"WTS | SAMSUNG ARABIC; Galaxy A17 | 4/128GB; Black, Gray, Blue; Ready Stock — DAFZA Dubai",Contact for best price
Today 3:03 AM,KHALID ZAID SWIFT TELECOM,Samsung Galaxy A16 4/128GB,,ROYAL LINE ELECTRONICS FZCO,"WTS | SAMSUNG ARABIC; Galaxy A16 | 4/128GB; Black, Gray, Green; Ready Stock — DAFZA Dubai",Contact for best price
Today 3:05 AM,KHALID ZAID SWIFT TELECOM,Samsung Galaxy A17 6/128GB,,ROYAL LINE ELECTRONICS FZCO,"WTS | SAMSUNG ARABIC; Galaxy A17 | 6/128GB; Black, Gray, Blue; Ready Stock — DAFZA Dubai",Contact for best price
Today 2:59 AM,Onkar Singh Rajput HK,Samsung A17 8/128GB 5G,,Onkar Singh Rajput HK,Wts Samsung A17 8/128gb 5G; On booking,
Today 11:04 PM,Onkar Singh Rajput HK,Xiaomi Note 17 Pro 8/256GB 5G,,Onkar Singh Rajput HK,Wts Xiaomi Note 17 pro 8/256gb 5G; On booking,Older visible message; booking
Today 1:02 AM,Fiona Tang HK,HONOR X5C PLUS 6+256GB,,Fiona Tang HK,"HONOR X5C PLUS 6+256G US Black/Silver,Green$143",US spec; USD 143
Today 1:02 AM,Fiona Tang HK,HONOR X9D 8+512GB,,Fiona Tang HK,HONOR X9D 8+512G US Black $313,US spec; USD 313
Today 2:58 AM,Fiona Tang HK,Redmi Note 15 8+256GB,,Fiona Tang HK,note 15 8+256 193$,USD 193
Today 2:49 AM,Lancy Tang HK,Redmi 15C 5G 4+128GB EU Spec,,Lancy Tang HK,WTS: Redmi 15C 5G 4+128GB EU Spec; Any demand for the above model ?,Price not posted
Today 1:55 AM,Parth Kanabar,Samsung A07 5G 4/128GB,,WTS KANABAR SPEC,Wts Samsung A07 5g 4/128 500unit; On booking; Logix one DXB,500 units
Today 1:55 AM,Parth Kanabar,Samsung A07 5G 6/128GB,,WTS KANABAR SPEC,Wts Samsung A07 5G 6/128 500Unit; On booking; Logix one DXB,500 units
Today 2:25 AM,Parth Kanabar,Samsung M17e 4/128GB,,WTS KANABAR SPEC,Wts Samsung M17e 4/128 500; On booking; Logix one DXB,500 units
Today 2:25 AM,Parth Kanabar,Samsung M17e 6/128GB,,WTS KANABAR SPEC,Wts Samsung M17e 6/128 500; On booking; Logix one DXB,500 units
Today 2:42 AM,Parth Kanabar,Samsung S26 12/256GB,,WTS KANABAR SPEC,Wts Samsung S26 12/256 50/100; Mix colour; Ready in 2days; Logix one DXB,50/100 mix colour
Today 1:13 AM,MGT,Samsung S25 FE 8/128GB,,WTS MGT,WTS: S25 fe 8/128; Ready local,
Today 1:13 AM,MGT,Samsung S25 FE 8/256GB,,WTS MGT,WTS: S25 fe 8/256; Ready local,
Today 1:13 AM,MGT,Samsung S25 8/256GB,,WTS MGT,WTS: S25 8/256; Ready local,
Today 1:13 AM,MGT,Samsung S25 12/256GB mix,,WTS MGT,WTS: S25 12/256 mix; Ready local,
Today 1:50 AM,MGT,Samsung M07 4/64GB,,WTS MGT,WTS: M07 4/64-30,30 units
Today 2:34 AM,Bombay Digital DXB,Samsung A07 4/64GB,,WTS MGT,WTS A07 4/64 indian local; 376 dh 100 pcs only,100 pcs only; AED 376
Today 1:53 AM,Sahil Bora DXB,Samsung A175 4/128GB,,Sahil Bora DXB,"WTS | Ready Stock In FZE; Samsung, Indian Specs; FOB Dubai; Samsung A175 4/128GB; Samsung, Arabic","FOB Dubai; Samsung, Arabic"
Today 1:53 AM,Sahil Bora DXB,Samsung A07 4/64GB,,Sahil Bora DXB,"WTS | Ready Stock In FZE; Samsung, Indian Specs; FOB Dubai; Samsung A07 4/64GB",FOB Dubai
Today 1:53 AM,Sahil Bora DXB,Samsung A36 5G A366E/DS 8/128GB,,Sahil Bora DXB,"WTS | Ready Stock In FZE; Samsung, Indian Specs; FOB Dubai; Samsung A36 5G A366E/DS 8/128GB",FOB Dubai
Today 1:53 AM,Sahil Bora DXB,Samsung A36 5G A366E/DS 8/256GB,,Sahil Bora DXB,"WTS | Ready Stock In FZE; Samsung, Indian Specs; FOB Dubai; Samsung A36 5G A366E/DS 8/256GB",FOB Dubai
Today 1:53 AM,Sahil Bora DXB,Samsung M17 5G 4/128GB,,Sahil Bora DXB,"WTS | Ready Stock In FZE; Samsung, Indian Specs; FOB Dubai; Samsung M17 5G 4/128GB",FOB Dubai
Today 1:53 AM,Sahil Bora DXB,Samsung M17e 5G 4/128GB,,Sahil Bora DXB,"WTS | Ready Stock In FZE; Samsung, Indian Specs; FOB Dubai; Samsung M17e 5G 4/128GB",FOB Dubai
Today 1:53 AM,Sahil Bora DXB,Samsung S25 FE S731B/DS 8/128GB,,Sahil Bora DXB,"WTS | Ready Stock In FZE; Samsung, Indian Specs; FOB Dubai; Samsung S25 FE S731B/DS 8/128GB",FOB Dubai
Today 1:53 AM,Sahil Bora DXB,Samsung Tab A11+ 5G X236B 6/128GB,,Sahil Bora DXB,"WTS | Ready Stock In FZE; Samsung, Indian Specs; FOB Dubai; Samsung Tab A11+ 5G X236B 6/128GB",FOB Dubai
Today 1:53 AM,Sahil Bora DXB,Google Pixel 11 512GB,,Sahil Bora DXB,"WTS | Ready Stock In FZE; Samsung, Indian Specs; FOB Dubai; Google Pixel 11 512GB; 33 pcs",FOB Dubai; 33 pcs
Today 1:53 AM,Sahil Bora DXB,Motorola Edge 60 Fusion 12/256GB,,Sahil Bora DXB,"WTS | Ready Stock In FZE; Samsung, Indian Specs; FOB Dubai; Motorola Edge 60 Fusion 12/256GB; In Booking",FOB Dubai; In Booking
Today 1:25 AM,CHIRAG DXB,Samsung A075 4/64GB Thai,,CHIRAG DXB,WTS current list; WTS A075 4/64 THAI; A075 4/64 ARABIC; TAB X135 4/64; TAB X135 8/128; TAB X236 8/128; NOTE 14S 8/256; NOTE 15 PRO 8/256,Price not posted
Today 1:25 AM,CHIRAG DXB,Samsung A075 4/64GB Arabic,,CHIRAG DXB,WTS current list; WTS A075 4/64 THAI; A075 4/64 ARABIC; TAB X135 4/64; TAB X135 8/128; TAB X236 8/128; NOTE 14S 8/256; NOTE 15 PRO 8/256,Price not posted
Today 1:25 AM,CHIRAG DXB,Samsung Tab X135 4/64GB,,CHIRAG DXB,WTS current list; WTS A075 4/64 THAI; A075 4/64 ARABIC; TAB X135 4/64; TAB X135 8/128; TAB X236 8/128; NOTE 14S 8/256; NOTE 15 PRO 8/256,Price not posted
Today 1:25 AM,CHIRAG DXB,Samsung Tab X135 8/128GB,,CHIRAG DXB,WTS current list; WTS A075 4/64 THAI; A075 4/64 ARABIC; TAB X135 4/64; TAB X135 8/128; TAB X236 8/128; NOTE 14S 8/256; NOTE 15 PRO 8/256,Price not posted
Today 1:25 AM,CHIRAG DXB,Samsung Tab X236 8/128GB,,CHIRAG DXB,WTS current list; WTS A075 4/64 THAI; A075 4/64 ARABIC; TAB X135 4/64; TAB X135 8/128; TAB X236 8/128; NOTE 14S 8/256; NOTE 15 PRO 8/256,Price not posted
Today 1:25 AM,CHIRAG DXB,Redmi Note 14S 8/256GB,,CHIRAG DXB,WTS current list; WTS A075 4/64 THAI; A075 4/64 ARABIC; TAB X135 4/64; TAB X135 8/128; TAB X236 8/128; NOTE 14S 8/256; NOTE 15 PRO 8/256,Price not posted
Today 1:25 AM,CHIRAG DXB,Redmi Note 15 Pro 8/256GB,,CHIRAG DXB,WTS current list; WTS A075 4/64 THAI; A075 4/64 ARABIC; TAB X135 4/64; TAB X135 8/128; TAB X236 8/128; NOTE 14S 8/256; NOTE 15 PRO 8/256,Price not posted
Today 1:06 AM,Joy Xie HK,Poco C71 4+64GB EU,,Joy Xie HK,"WTS, EX HK, please check Poco C71 4+64 EU $92",USD 92
Today 1:06 AM,Joy Xie HK,Poco C71 4+128GB EU,,Joy Xie HK,"WTS, EX HK, please check Poco C71 4+128 EU $105",USD 105
Today 11:44 PM,Joy Xie HK,Redmi Note 15 8+256GB EU,,Joy Xie HK,"WTS, EX HK, please check Redmi Note 15 8+256G EU $193 Black",Very recent overnight visible message; USD 193
Today 12:14 AM,Roy HK,Redmi 15C 5G NFC 4+128GB EU,,Roy HK,Redmi 15C 5G NFC 4+128 EU $148; Black 200 Green 200 Purple 200,USD 148
Today 1:40 AM,Roy HK,Poco C71 4+128GB EU,,Roy HK,Poco C71 4+128 EU $102; Black 1000 Blue 1000 Gold 1000,USD 102
Today 10:31 PM,Roy HK,Redmi 15C 4G 4+128GB EU,,Roy HK,Redmi 15C 4G 4+128 EU $115; Black 500 Green 300 Purple 490,Very recent overnight visible message; USD 115
Today 1:36 AM,Teleflex Dubai,OnePlus Nord CE5 8/256GB,,Teleflex Dubai,TELEFLEX OFFERS; current Today message at 1:36 AM; Ready stock; Call For Best Price; OnePlus Nord CE5 8/256GB,Price not posted
Today 1:36 AM,Teleflex Dubai,Redmi A5 3/64GB,,Teleflex Dubai,TELEFLEX OFFERS; current Today message at 1:36 AM; Ready stock; Call For Best Price; Redmi A5 3/64GB,Price not posted
Today 1:36 AM,Teleflex Dubai,Redmi A7 Pro 4/64GB,,Teleflex Dubai,TELEFLEX OFFERS; current Today message at 1:36 AM; Ready stock; Call For Best Price; Redmi A7 Pro 4/64GB,Price not posted
Today 1:36 AM,Teleflex Dubai,Redmi A7 Pro 4/128GB,,Teleflex Dubai,TELEFLEX OFFERS; current Today message at 1:36 AM; Ready stock; Call For Best Price; Redmi A7 Pro 4/128GB,Price not posted
Today 1:36 AM,Teleflex Dubai,ZTE Blade A57 4/64GB,,Teleflex Dubai,TELEFLEX OFFERS; current Today message at 1:36 AM; Ready stock; Call For Best Price; ZTE Blade A57 4/64GB,Price not posted
Today 1:36 AM,Teleflex Dubai,ZTE Blade A57 4/128GB,,Teleflex Dubai,TELEFLEX OFFERS; current Today message at 1:36 AM; Ready stock; Call For Best Price; ZTE Blade A57 4/128GB,Price not posted
Today 1:36 AM,Teleflex Dubai,ZTE Blade A77 4/128GB,,Teleflex Dubai,TELEFLEX OFFERS; current Today message at 1:36 AM; Ready stock; Call For Best Price; ZTE Blade A77 4/128GB,Price not posted
Today 1:36 AM,Teleflex Dubai,ZTE Blade A35E 2/64GB,,Teleflex Dubai,TELEFLEX OFFERS; current Today message at 1:36 AM; Ready stock; Call For Best Price; ZTE Blade A35E 2/64GB,Price not posted
Today 1:36 AM,Teleflex Dubai,ZTE Blade A36 2/64GB,,Teleflex Dubai,TELEFLEX OFFERS; current Today message at 1:36 AM; Ready stock; Call For Best Price; ZTE Blade A36 2/64GB,Price not posted
Today 1:36 AM,Teleflex Dubai,ZTE Blade A36 4/64GB,,Teleflex Dubai,TELEFLEX OFFERS; current Today message at 1:36 AM; Ready stock; Call For Best Price; ZTE Blade A36 4/64GB,Price not posted
Today 1:36 AM,Teleflex Dubai,ZTE Blade A56 4/128GB,,Teleflex Dubai,TELEFLEX OFFERS; current Today message at 1:36 AM; Ready stock; Call For Best Price; ZTE Blade A56 4/128GB,Price not posted
Today 1:36 AM,Teleflex Dubai,ZTE Blade A75 5G 4/128GB,,Teleflex Dubai,TELEFLEX OFFERS; current Today message at 1:36 AM; Ready stock; Call For Best Price; ZTE Blade A75 5G 4/128GB,Price not posted
Today 1:36 AM,Teleflex Dubai,ZTE Blade A76 4G 4/128GB,,Teleflex Dubai,TELEFLEX OFFERS; current Today message at 1:36 AM; Ready stock; Call For Best Price; ZTE Blade A76 4G 4/128GB,Price not posted
Today 1:36 AM,Teleflex Dubai,ZTE Blade A76 5G 4/128GB,,Teleflex Dubai,TELEFLEX OFFERS; current Today message at 1:36 AM; Ready stock; Call For Best Price; ZTE Blade A76 5G 4/128GB,Price not posted
Today 1:36 AM,Teleflex Dubai,ZTE Nubia V80 Max 4/256GB,,Teleflex Dubai,TELEFLEX OFFERS; current Today message at 1:36 AM; Ready stock; Call For Best Price; ZTE Nubia V80 Max 4/256GB,Price not posted
Today 1:36 AM,Teleflex Dubai,ZTE Nubia V80 Design 4/256GB,,Teleflex Dubai,TELEFLEX OFFERS; current Today message at 1:36 AM; Ready stock; Call For Best Price; ZTE Nubia V80 Design 4/256GB,Price not posted
Today 1:36 AM,Teleflex Dubai,ZTE Nubia V80 Pro 8/256GB,,Teleflex Dubai,TELEFLEX OFFERS; current Today message at 1:36 AM; Ready stock; Call For Best Price; ZTE Nubia V80 Pro 8/256GB,Price not posted
Today 1:36 AM,Teleflex Dubai,Nubia Neo 5 5G 8/256GB,,Teleflex Dubai,TELEFLEX OFFERS; current Today message at 1:36 AM; Ready stock; Call For Best Price; Nubia Neo 5 5G 8/256GB,Price not posted
Today 1:36 AM,Teleflex Dubai,Nubia Neo 5 GT 5G 8/256GB,,Teleflex Dubai,TELEFLEX OFFERS; current Today message at 1:36 AM; Ready stock; Call For Best Price; Nubia Neo 5 GT 5G 8/256GB,Price not posted
Today 1:36 AM,Teleflex Dubai,Nubia Neo 5 Max 5G 8/256GB,,Teleflex Dubai,TELEFLEX OFFERS; current Today message at 1:36 AM; Ready stock; Call For Best Price; Nubia Neo 5 Max 5G 8/256GB,Price not posted
Today 1:36 AM,Teleflex Dubai,Nubia Air Pro 5G 8/256GB,,Teleflex Dubai,TELEFLEX OFFERS; current Today message at 1:36 AM; Ready stock; Call For Best Price; Nubia Air Pro 5G 8/256GB,Price not posted
Today 1:36 AM,Teleflex Dubai,Samsung A175 4/128GB,,Teleflex Dubai,TELEFLEX OFFERS; current Today message at 1:36 AM; Ready stock; Call For Best Price; Samsung A175 4/128GB,Price not posted
Today 1:36 AM,Teleflex Dubai,Samsung A175 6/128GB,,Teleflex Dubai,TELEFLEX OFFERS; current Today message at 1:36 AM; Ready stock; Call For Best Price; Samsung A175 6/128GB,Price not posted
Today 1:36 AM,Teleflex Dubai,Samsung A176 5G 8/256GB,,Teleflex Dubai,TELEFLEX OFFERS; current Today message at 1:36 AM; Ready stock; Call For Best Price; Samsung A176 5G 8/256GB,Price not posted
Today 1:36 AM,Teleflex Dubai,Samsung A066 5G 4/64GB,,Teleflex Dubai,TELEFLEX OFFERS; current Today message at 1:36 AM; Ready stock; Call For Best Price; Samsung A066 5G 4/64GB,Price not posted
Today 1:36 AM,Teleflex Dubai,Samsung A066 5G 4/128GB,,Teleflex Dubai,TELEFLEX OFFERS; current Today message at 1:36 AM; Ready stock; Call For Best Price; Samsung A066 5G 4/128GB,Price not posted
Today 1:36 AM,Teleflex Dubai,Samsung A066 5G 6/128GB,,Teleflex Dubai,TELEFLEX OFFERS; current Today message at 1:36 AM; Ready stock; Call For Best Price; Samsung A066 5G 6/128GB,Price not posted
Today 1:36 AM,Teleflex Dubai,Samsung A075 4/64GB,,Teleflex Dubai,TELEFLEX OFFERS; current Today message at 1:36 AM; Ready stock; Call For Best Price; Samsung A075 4/64GB,Price not posted
Today 1:36 AM,Teleflex Dubai,Samsung A075 4/128GB,,Teleflex Dubai,TELEFLEX OFFERS; current Today message at 1:36 AM; Ready stock; Call For Best Price; Samsung A075 4/128GB,Price not posted
Today 1:36 AM,Teleflex Dubai,Samsung A076 5G 4/64GB,,Teleflex Dubai,TELEFLEX OFFERS; current Today message at 1:36 AM; Ready stock; Call For Best Price; Samsung A076 5G 4/64GB,Price not posted
Today 1:30 AM,Shabbir Simtronics DXB,Samsung A06 4/64GB AFR,,Shabbir Simtronics DXB,WTS: 14TH SEP 2026 SIMTRONICS FZCO - DUBAI; Samsung mobile phones; CALL; Samsung A06 4/64GB AFR,Price not posted
Today 1:30 AM,Shabbir Simtronics DXB,Samsung A06 4/128GB AFR,,Shabbir Simtronics DXB,WTS: 14TH SEP 2026 SIMTRONICS FZCO - DUBAI; Samsung mobile phones; CALL; Samsung A06 4/128GB AFR,Price not posted
Today 1:30 AM,Shabbir Simtronics DXB,Samsung A07 4/64GB INDO/AFB/ARB,,Shabbir Simtronics DXB,WTS: 14TH SEP 2026 SIMTRONICS FZCO - DUBAI; Samsung mobile phones; CALL; Samsung A07 4/64GB INDO/AFB/ARB,Price not posted
Today 1:30 AM,Shabbir Simtronics DXB,Samsung A07 4/128GB AFR,,Shabbir Simtronics DXB,WTS: 14TH SEP 2026 SIMTRONICS FZCO - DUBAI; Samsung mobile phones; CALL; Samsung A07 4/128GB AFR,Price not posted
Today 1:30 AM,Shabbir Simtronics DXB,Samsung A16 4/128GB AFB,,Shabbir Simtronics DXB,WTS: 14TH SEP 2026 SIMTRONICS FZCO - DUBAI; Samsung mobile phones; CALL; Samsung A16 4/128GB AFB,Price not posted
Today 1:30 AM,Shabbir Simtronics DXB,Samsung A17 4/128GB ARB/AFB,,Shabbir Simtronics DXB,WTS: 14TH SEP 2026 SIMTRONICS FZCO - DUBAI; Samsung mobile phones; CALL; Samsung A17 4/128GB ARB/AFB,Price not posted
Today 1:30 AM,Shabbir Simtronics DXB,Samsung A17 6/128GB ARB,,Shabbir Simtronics DXB,WTS: 14TH SEP 2026 SIMTRONICS FZCO - DUBAI; Samsung mobile phones; CALL; Samsung A17 6/128GB ARB,Price not posted
Today 1:30 AM,Shabbir Simtronics DXB,Samsung A17 8/128GB,,Shabbir Simtronics DXB,WTS: 14TH SEP 2026 SIMTRONICS FZCO - DUBAI; Samsung mobile phones; CALL; Samsung A17 8/128GB,Price not posted
Today 1:30 AM,Shabbir Simtronics DXB,Samsung A17 8/256GB MLY,,Shabbir Simtronics DXB,WTS: 14TH SEP 2026 SIMTRONICS FZCO - DUBAI; Samsung mobile phones; CALL; Samsung A17 8/256GB MLY,Price not posted
Today 1:30 AM,Shabbir Simtronics DXB,Samsung A27 6/128GB AFR/EU,,Shabbir Simtronics DXB,WTS: 14TH SEP 2026 SIMTRONICS FZCO - DUBAI; Samsung mobile phones; CALL; Samsung A27 6/128GB AFR/EU,Price not posted
Today 1:30 AM,Shabbir Simtronics DXB,Samsung A27 8/256GB MLY/PCT/AFR,,Shabbir Simtronics DXB,WTS: 14TH SEP 2026 SIMTRONICS FZCO - DUBAI; Samsung mobile phones; CALL; Samsung A27 8/256GB MLY/PCT/AFR,Price not posted
Today 1:30 AM,Shabbir Simtronics DXB,Samsung A37 8/256GB PCT,,Shabbir Simtronics DXB,WTS: 14TH SEP 2026 SIMTRONICS FZCO - DUBAI; Samsung mobile phones; CALL; Samsung A37 8/256GB PCT,Price not posted
Today 1:30 AM,Shabbir Simtronics DXB,Samsung A37 12/256GB MLY,,Shabbir Simtronics DXB,WTS: 14TH SEP 2026 SIMTRONICS FZCO - DUBAI; Samsung mobile phones; CALL; Samsung A37 12/256GB MLY,Price not posted
Today 1:30 AM,Shabbir Simtronics DXB,Samsung A57 8/256GB INDO,,Shabbir Simtronics DXB,WTS: 14TH SEP 2026 SIMTRONICS FZCO - DUBAI; Samsung mobile phones; CALL; Samsung A57 8/256GB INDO,Price not posted
Today 1:30 AM,Shabbir Simtronics DXB,Samsung A57 12/256GB INDO,,Shabbir Simtronics DXB,WTS: 14TH SEP 2026 SIMTRONICS FZCO - DUBAI; Samsung mobile phones; CALL; Samsung A57 12/256GB INDO,Price not posted
Today 1:30 AM,Shabbir Simtronics DXB,Samsung A57 12/512GB SG,,Shabbir Simtronics DXB,WTS: 14TH SEP 2026 SIMTRONICS FZCO - DUBAI; Samsung mobile phones; CALL; Samsung A57 12/512GB SG,Price not posted
Today 1:30 AM,Shabbir Simtronics DXB,Samsung S25 12/256GB INDIA,,Shabbir Simtronics DXB,WTS: 14TH SEP 2026 SIMTRONICS FZCO - DUBAI; Samsung mobile phones; CALL; Samsung S25 12/256GB INDIA,Price not posted
Today 1:30 AM,Shabbir Simtronics DXB,Samsung S26 FE 8/256GB AFR,,Shabbir Simtronics DXB,WTS: 14TH SEP 2026 SIMTRONICS FZCO - DUBAI; Samsung mobile phones; CALL; Samsung S26 FE 8/256GB AFR,Price not posted
Today 1:30 AM,Shabbir Simtronics DXB,Samsung S26 Ultra 12/512GB AFR,,Shabbir Simtronics DXB,WTS: 14TH SEP 2026 SIMTRONICS FZCO - DUBAI; Samsung mobile phones; CALL; Samsung S26 Ultra 12/512GB AFR,Price not posted
Today 3:45 AM,Real Tech Fzco DXB,Samsung A075 4/128gb,,Real Tech Fzco DXB,A075 4/128gb,Price not posted
Today 3:26 AM,KHALID ZAID SWIFT TELECOM,Galaxy S26 Ultra 12/256GB,,KHALID ZAID SWIFT TELECOM,📱 Galaxy S26 Ultra | 12/256GB AED 3070,AED 3070; HOT
Today 2:59 AM,Onkar Singh Rajput HK,Samsung A17 8/128gb 5G,,Onkar Singh Rajput HK,Samsung A17 8/128gb 5G,Price not posted
Today 2:49 AM,Lancy Tang HK,Redmi 15C 5G 4+128GB EU Spec,,Lancy Tang HK,Redmi 15C 5G 4+128GB EU Spec,Price not posted
Today 2:42 AM,WTS KANABAR 🇮🇳 SPEC,Samsung S26 12/256 50/100,,WTS KANABAR 🇮🇳 SPEC,S26 12/256 50/100,Price not posted
Today 2:34 AM,WTS MGT,Samsung A07 4/64,,WTS MGT,A07 4/64 AED 376,AED 376
Today 1:53 AM,Sahil Bora DXB,Samsung A175 4/128GB,,Sahil Bora DXB,* ⁠Samsung A175 4/128GB,Price not posted
Today 1:53 AM,Sahil Bora DXB,Samsung A07 4G (4/64),,Sahil Bora DXB,* Samsung A07 4G (4/64),Price not posted
Today 1:53 AM,Sahil Bora DXB,Samsung A36 5G (A366E/DS) (8/128),,Sahil Bora DXB,* ⁠Samsung A36 5G (A366E/DS) (8/128),Price not posted
Today 1:53 AM,Sahil Bora DXB,Samsung A36 5G (A366E/DS) (8/256),,Sahil Bora DXB,* Samsung A36 5G (A366E/DS) (8/256),Price not posted
Today 1:53 AM,Sahil Bora DXB,Samsung M17 5G (4/128),,Sahil Bora DXB,* Samsung M17 5G (4/128),Price not posted
Today 1:53 AM,Sahil Bora DXB,Samsung M17e 5G (4/128),,Sahil Bora DXB,* Samsung M17e 5G (4/128),Price not posted
Today 1:53 AM,Sahil Bora DXB,Samsung S25 FE S731B/DS (8/128),,Sahil Bora DXB,* Samsung S25 FE S731B/DS (8/128),Price not posted
Today 1:53 AM,Sahil Bora DXB,Samsung Tab A11+ 5G X236B (6/128),,Sahil Bora DXB,* ⁠Samsung Tab A11+ 5G X236B (6/128),Price not posted
Today 1:53 AM,Sahil Bora DXB,Google Pixel 11 512GB 33 pcs,,Sahil Bora DXB,Google Pixel 11 512GB 33 pcs,Price not posted
Today 1:53 AM,Sahil Bora DXB,Motorola Edge 60 Fusion (12/256),,Sahil Bora DXB,Motorola Edge 60 Fusion (12/256),Price not posted
Today 1:40 AM,Roy HK,Poco C71 4+128 EU,,Roy HK,Poco C71 4+128 EU $102 USD 102,USD 102
Today 1:36 AM,Teleflex Dubai,Oneplus Nord Ce5 8/256gb,,Teleflex Dubai,Oneplus Nord Ce5 8/256gb 🌎,Price not posted
Today 1:36 AM,Teleflex Dubai,XIAOMI GLOBAL 3/64gb,,Teleflex Dubai,XIAOMI GLOBAL,Price not posted
Today 1:36 AM,Teleflex Dubai,Redmi A5 3/64gb,,Teleflex Dubai,Redmi A5 3/64gb,Price not posted
Today 1:36 AM,Teleflex Dubai,Redmi A7 pro 4/64gb,,Teleflex Dubai,Redmi A7 pro 4/64gb,Price not posted
Today 1:36 AM,Teleflex Dubai,Redmi A7 pro 4/128gb,,Teleflex Dubai,Redmi A7 pro 4/128gb,Price not posted
Today 1:36 AM,Teleflex Dubai,Zte Blade A57 4/64gb - Black/Silver/Orange,,Teleflex Dubai,Zte Blade A57 4/64gb 🌎- Black/Silver/Orange,Price not posted
Today 1:36 AM,Teleflex Dubai,Zte Blade A57 4/128gb - Black/Silver/Orange,,Teleflex Dubai,Zte Blade A57 4/128gb 🌎- Black/Silver/Orange,Price not posted
Today 1:36 AM,Teleflex Dubai,Zte Blade A77 4/128gb - Black/Silver/Blue,,Teleflex Dubai,Zte Blade A77 4/128gb 🌎- Black/Silver/Blue,Price not posted
Today 1:36 AM,Teleflex Dubai,Zte Blade A35E 2/64gb - Grey/Green/Pink,,Teleflex Dubai,Zte Blade A35E 2/64gb 🌎- Grey/Green/Pink,Price not posted
Today 1:36 AM,Teleflex Dubai,Zte Blade A36 2/64gb - Black/Green/Gold,,Teleflex Dubai,Zte Blade A36 2/64gb 🌎- Black/Green/Gold,Price not posted
Today 1:36 AM,Teleflex Dubai,Zte Blade A36 4/64gb - Black/Green/Gold,,Teleflex Dubai,Zte Blade A36 4/64gb 🌎- Black/Green/Gold,Price not posted
Today 1:30 AM,Shabbir Simtronics DXB,SAMSUNG MOBILE PHONES,,Shabbir Simtronics DXB,📱 SAMSUNG MOBILE PHONES,Price not posted
Today 1:30 AM,Shabbir Simtronics DXB,Galaxy A06 / A06 5G 4GB,,Shabbir Simtronics DXB,Galaxy A06 / A06 5G,Price not posted
Today 1:30 AM,Shabbir Simtronics DXB,Samsung A06 (A065) 4GB + 64GB,,Shabbir Simtronics DXB,- A06 (A065) 4GB + 64GB | AFR,Price not posted
Today 1:30 AM,Shabbir Simtronics DXB,Samsung A06 (A065) 4GB + 128GB,,Shabbir Simtronics DXB,- A06 (A065) 4GB + 128GB | AFR,Price not posted
Today 1:30 AM,Shabbir Simtronics DXB,Galaxy A07 4GB,,Shabbir Simtronics DXB,Galaxy A07,Price not posted
Today 1:30 AM,Shabbir Simtronics DXB,Samsung A07 (A075) 4GB + 64GB,,Shabbir Simtronics DXB,- A07 (A075) 4GB + 64GB | INDO/AFB/ARB,Price not posted
Today 1:30 AM,Shabbir Simtronics DXB,Samsung A07 (A075) 4GB + 128GB,,Shabbir Simtronics DXB,- A07 (A075) 4GB + 128GB | AFR,Price not posted
Today 1:30 AM,Shabbir Simtronics DXB,A07s (A077) 4GB + 64GB,,Shabbir Simtronics DXB,- A07s (A077) 4GB + 64GB | AFR,Price not posted
Today 1:30 AM,Shabbir Simtronics DXB,Galaxy A16 / A17 Series 4GB,,Shabbir Simtronics DXB,Galaxy A16 / A17 Series,Price not posted
Today 1:30 AM,Shabbir Simtronics DXB,Samsung A16 (A165) 4GB + 128GB,,Shabbir Simtronics DXB,- A16 (A165) 4GB + 128GB | AFB,Price not posted
Today 1:30 AM,Shabbir Simtronics DXB,Samsung A17 (A175) 4GB + 128GB,,Shabbir Simtronics DXB,- A17 (A175) 4GB + 128GB | ARB/AFB,Price not posted
Today 1:30 AM,Shabbir Simtronics DXB,Samsung A17 (A175) 6GB + 128GB,,Shabbir Simtronics DXB,- A17 (A175) 6GB + 128GB | ARB,Price not posted
Today 1:30 AM,Shabbir Simtronics DXB,Samsung A17 (A175) 8GB + 128GB,,Shabbir Simtronics DXB,- ⁠A17 (A175) 8GB + 128GB,Price not posted
Today 1:30 AM,Shabbir Simtronics DXB,Samsung A17 (A175) 8GB + 256GB,,Shabbir Simtronics DXB,- A17 (A175) 8GB + 256GB | MLY,Price not posted
Today 1:30 AM,Shabbir Simtronics DXB,Galaxy A27 Series 6GB,,Shabbir Simtronics DXB,Galaxy A27 Series,Price not posted
Today 1:30 AM,Shabbir Simtronics DXB,Samsung A27 (A276) 6GB + 128GB,,Shabbir Simtronics DXB,- A27 (A276) 6GB + 128GB | AFR/EU,Price not posted
Today 1:30 AM,Shabbir Simtronics DXB,Samsung A27 (A276) 8GB + 256GB,,Shabbir Simtronics DXB,- A27 (A276) 8GB + 256GB | MLY/PCT/AFR,Price not posted
Today 1:30 AM,Shabbir Simtronics DXB,Galaxy A37 Series 8GB,,Shabbir Simtronics DXB,Galaxy A37 Series,Price not posted
Today 1:30 AM,Shabbir Simtronics DXB,Samsung A37 (A376) 8GB + 256GB PCT,,Shabbir Simtronics DXB,- A37 (A376) 8GB + 256GB PCT,Price not posted
Today 1:30 AM,Shabbir Simtronics DXB,Samsung A37 (A376),,Shabbir Simtronics DXB,- A37 (A376),Price not posted
Today 1:25 AM,CHIRAG DXB,Samsung A075 4/64 THAI …,,CHIRAG DXB,A075 4/64 THAI …,Price not posted
Today 1:25 AM,CHIRAG DXB,Samsung A075 4/64 ARABIC …,,CHIRAG DXB,A075 4/64 ARABIC …,Price not posted
Today 1:25 AM,CHIRAG DXB,TAB X135 4/64,,CHIRAG DXB,TAB X135 4/64 -,Price not posted
Today 1:25 AM,CHIRAG DXB,TAB X135 8/128,,CHIRAG DXB,TAB X135 8/128 -,Price not posted
Today 1:25 AM,CHIRAG DXB,TAB X236 8/128,,CHIRAG DXB,TAB X236 8/128 🇮🇳-,Price not posted
Today 1:06 AM,Joy Xie HK,Poco C71 4+64 EU,,Joy Xie HK,Poco C71 4+64 EU $92 USD 92,USD 92
Today 1:06 AM,Joy Xie HK,Poco C71 4+128 EU,,Joy Xie HK,Poco C71 4+128 EU $105 USD 105,USD 105
Today 12:28 AM,Teleflex Telecom Fzco,SAMSUNG MIX SPEC 4/64gb,,Teleflex Telecom Fzco,SAMSUNG MIX SPEC,Price not posted; HOT
Today 12:28 AM,Teleflex Telecom Fzco,Samsung A066 5g 4/64gb,,Teleflex Telecom Fzco,A066 5g 4/64gb,Price not posted; HOT
Today 12:28 AM,Teleflex Telecom Fzco,Samsung A066 5g 4/128gb,,Teleflex Telecom Fzco,A066 5g 4/128gb,Price not posted; HOT
Today 12:28 AM,Teleflex Telecom Fzco,Samsung A066 5g 6/128gb,,Teleflex Telecom Fzco,A066 5g 6/128gb,Price not posted; HOT
Today 12:28 AM,Teleflex Telecom Fzco,Samsung A075 4/64gb,,Teleflex Telecom Fzco,A075 4/64gb,Price not posted; HOT
Today 12:28 AM,Teleflex Telecom Fzco,Samsung A076 5g 4/64gb,,Teleflex Telecom Fzco,A076 5g 4/64gb,Price not posted; HOT
Today 12:28 AM,Teleflex Telecom Fzco,Samsung A075 4/128gb,,Teleflex Telecom Fzco,A075 4/128gb,Price not posted; HOT
Today 12:28 AM,Teleflex Telecom Fzco,Samsung A175 4/128gb,,Teleflex Telecom Fzco,A175 4/128gb,Price not posted; HOT
Today 12:28 AM,Teleflex Telecom Fzco,Samsung A176 5g 4/128gb,,Teleflex Telecom Fzco,A176 5g 4/128gb,Price not posted; HOT
Today 12:28 AM,Teleflex Telecom Fzco,ONEPLUS GLOBAL SPEC 8/256gb,,Teleflex Telecom Fzco,ONEPLUS GLOBAL SPEC,Price not posted; HOT
Today 12:28 AM,Teleflex Telecom Fzco,Nord CE5 5G 8/256gb,,Teleflex Telecom Fzco,Nord CE5 5G 8/256gb,Price not posted; HOT
Today 12:28 AM,Teleflex Telecom Fzco,REDMI GLOBAL SPEC 3/64gb,,Teleflex Telecom Fzco,REDMI GLOBAL SPEC,Price not posted; HOT
Today 12:28 AM,Teleflex Telecom Fzco,ZTE MODELS 2/64gb,,Teleflex Telecom Fzco,ZTE MODELS,Price not posted; HOT
Today 12:28 AM,Teleflex Telecom Fzco,Blade A35E 2/64gb,,Teleflex Telecom Fzco,Blade A35E 2/64gb,Price not posted; HOT
Today 12:28 AM,Teleflex Telecom Fzco,Blade A36 2/64gb,,Teleflex Telecom Fzco,Blade A36 2/64gb,Price not posted; HOT
Today 12:28 AM,Teleflex Telecom Fzco,Blade A36 4/64gb,,Teleflex Telecom Fzco,Blade A36 4/64gb,Price not posted; HOT
Today 12:28 AM,Teleflex Telecom Fzco,Blade A56 4/128gb,,Teleflex Telecom Fzco,Blade A56 4/128gb,Price not posted; HOT
Today 12:28 AM,Teleflex Telecom Fzco,Blade A75 5g 4/128gb,,Teleflex Telecom Fzco,Blade A75 5g 4/128gb,Price not posted; HOT
Today 12:28 AM,Teleflex Telecom Fzco,Blade A76 4g 4/128gb,,Teleflex Telecom Fzco,Blade A76 4g 4/128gb,Price not posted; HOT
Today 12:28 AM,Teleflex Telecom Fzco,Blade A76 5g 4/128gb,,Teleflex Telecom Fzco,Blade A76 5g 4/128gb,Price not posted; HOT
Today 12:28 AM,Teleflex Telecom Fzco,Zte A57 4/64gb,,Teleflex Telecom Fzco,Zte A57 4/64gb 🔥,Price not posted; HOT
Today 12:28 AM,Teleflex Telecom Fzco,Zte A57 4/128gb,,Teleflex Telecom Fzco,Zte A57 4/128gb 🔥,Price not posted; HOT
Today 12:28 AM,Teleflex Telecom Fzco,Zte A77 4/128gb,,Teleflex Telecom Fzco,Zte A77 4/128gb 🔥,Price not posted; HOT
Today 12:28 AM,Teleflex Telecom Fzco,HONOR GLOBAL 4/128GB,,Teleflex Telecom Fzco,HONOR GLOBAL,Price not posted; HOT
Today 12:28 AM,Teleflex Telecom Fzco,NUBIA SERIES 8/256gb,,Teleflex Telecom Fzco,NUBIA SERIES 🎮,Price not posted; HOT
Today 12:28 AM,Mohit- Teleflex DXB,SAMSUNG MIX SPEC 4/64gb,,Mohit- Teleflex DXB,SAMSUNG MIX SPEC,Price not posted; HOT
Today 12:28 AM,Mohit- Teleflex DXB,Samsung A066 5g 4/64gb,,Mohit- Teleflex DXB,A066 5g 4/64gb,Price not posted; HOT
Today 12:28 AM,Mohit- Teleflex DXB,Samsung A066 5g 4/128gb,,Mohit- Teleflex DXB,A066 5g 4/128gb,Price not posted; HOT
Today 12:28 AM,Mohit- Teleflex DXB,Samsung A066 5g 6/128gb,,Mohit- Teleflex DXB,A066 5g 6/128gb,Price not posted; HOT
Today 12:28 AM,Mohit- Teleflex DXB,Samsung A075 4/64gb,,Mohit- Teleflex DXB,A075 4/64gb,Price not posted; HOT
Today 12:28 AM,Mohit- Teleflex DXB,Samsung A076 5g 4/64gb,,Mohit- Teleflex DXB,A076 5g 4/64gb,Price not posted; HOT
Today 12:28 AM,Mohit- Teleflex DXB,Samsung A075 4/128gb,,Mohit- Teleflex DXB,A075 4/128gb,Price not posted; HOT
Today 12:28 AM,Mohit- Teleflex DXB,Samsung A175 4/128gb,,Mohit- Teleflex DXB,A175 4/128gb,Price not posted; HOT
Today 12:28 AM,Mohit- Teleflex DXB,Samsung A176 5g 4/128gb,,Mohit- Teleflex DXB,A176 5g 4/128gb,Price not posted; HOT
Today 12:28 AM,Mohit- Teleflex DXB,ONEPLUS GLOBAL SPEC 8/256gb,,Mohit- Teleflex DXB,ONEPLUS GLOBAL SPEC,Price not posted; HOT
Today 12:28 AM,Mohit- Teleflex DXB,Nord CE5 5G 8/256gb,,Mohit- Teleflex DXB,Nord CE5 5G 8/256gb,Price not posted; HOT
Today 12:28 AM,Mohit- Teleflex DXB,REDMI GLOBAL SPEC 3/64gb,,Mohit- Teleflex DXB,REDMI GLOBAL SPEC,Price not posted; HOT
Today 12:28 AM,Mohit- Teleflex DXB,ZTE MODELS 2/64gb,,Mohit- Teleflex DXB,ZTE MODELS,Price not posted; HOT
Today 12:28 AM,Mohit- Teleflex DXB,Blade A35E 2/64gb,,Mohit- Teleflex DXB,Blade A35E 2/64gb,Price not posted; HOT
Today 12:28 AM,Mohit- Teleflex DXB,Blade A36 2/64gb,,Mohit- Teleflex DXB,Blade A36 2/64gb,Price not posted; HOT
Today 12:28 AM,Mohit- Teleflex DXB,Blade A36 4/64gb,,Mohit- Teleflex DXB,Blade A36 4/64gb,Price not posted; HOT
Today 12:28 AM,Mohit- Teleflex DXB,Blade A56 4/128gb,,Mohit- Teleflex DXB,Blade A56 4/128gb,Price not posted; HOT
Today 12:28 AM,Mohit- Teleflex DXB,Blade A75 5g 4/128gb,,Mohit- Teleflex DXB,Blade A75 5g 4/128gb,Price not posted; HOT
Today 12:28 AM,Mohit- Teleflex DXB,Blade A76 4g 4/128gb,,Mohit- Teleflex DXB,Blade A76 4g 4/128gb,Price not posted; HOT
Today 12:28 AM,Mohit- Teleflex DXB,Blade A76 5g 4/128gb,,Mohit- Teleflex DXB,Blade A76 5g 4/128gb,Price not posted; HOT
Today 12:28 AM,Mohit- Teleflex DXB,HONOR GLOBAL 4/128GB,,Mohit- Teleflex DXB,HONOR GLOBAL,Price not posted; HOT
Today 12:28 AM,Mohit- Teleflex DXB,NUBIA SERIES 8/256gb,,Mohit- Teleflex DXB,NUBIA SERIES 🎮,Price not posted; HOT
,Bristol fones fzco (Xiaomi Supplier Dubai free zone),Xiaomi 14 Ultra 16+512G EN Black 740,,Bristol fones fzco (Xiaomi Supplier Dubai free zone),Xiaomi 14 Ultra 16+512G EN Black 740,Price not posted
,Bristol fones fzco (Xiaomi Supplier Dubai free zone),Xiaomi 14 Ultra 16+512G EN White 740,,Bristol fones fzco (Xiaomi Supplier Dubai free zone),Xiaomi 14 Ultra 16+512G EN White 740,Price not posted
,Bristol fones fzco (Xiaomi Supplier Dubai free zone),Xiaomi MIX Flip 12+512G EU Black 485,,Bristol fones fzco (Xiaomi Supplier Dubai free zone),Xiaomi MIX Flip 12+512G EU Black 485,Price not posted
,Bristol fones fzco (Xiaomi Supplier Dubai free zone),POCO X7pro 12+512G EU Green 318,,Bristol fones fzco (Xiaomi Supplier Dubai free zone),POCO X7pro 12+512G EU Green 318,Price not posted
,Bristol fones fzco (Xiaomi Supplier Dubai free zone),POCO X8pro Max 12+256G EU Orange 448,,Bristol fones fzco (Xiaomi Supplier Dubai free zone),POCO X8pro Max 12+256G EU Orange 448,Price not posted
,IQBAL-Mayco,HONOR 600 Lite 5G 8+256 EU-Thailand spec,,IQBAL-Mayco,HONOR 600 Lite 5G 8+256 EU-Thailand spec,Price not posted
,Iqbal Electronics Co.,Redmi 15,,Iqbal Electronics Co.,Redmi 15,Price not posted
2026-09-14 02:25 Asia/Kuwait,WTS KANABAR SPEC,Samsung M17e 4/128,,WTS KANABAR 🇮🇳 SPEC,Wts Samsung M17e 4/128 500; On booking; Logix one DXB,Price currency not stated; on booking; 500 (currency not stated)
2026-09-14 02:25 Asia/Kuwait,WTS KANABAR SPEC,Samsung M17e 6/128,,WTS KANABAR 🇮🇳 SPEC,Wts Samsung M17e 6/128 500; On booking; Logix one DXB,Price currency not stated; on booking; 500 (currency not stated)
2026-09-14 02:42 Asia/Kuwait,WTS KANABAR SPEC,Samsung S26 12/256,,WTS KANABAR 🇮🇳 SPEC,Samsung S26 12/256 50/100; Mix colour; Ready in 2 days; Logix one DXB,Price currency not stated; ready in 2 days; 50/100 (currency not stated)
2026-09-14 01:53 Asia/Kuwait,Sahil Bora DXB,Samsung A07 4G (4/64),,Sahil Bora DXB,"Samsung, Indian Specs: Samsung A07 4G (4/64); FOB Dubai",No currency/price posted; No price posted
2026-09-14 01:53 Asia/Kuwait,Sahil Bora DXB,Samsung A36 5G A366E/DS (8/128),,Sahil Bora DXB,Samsung A36 5G (A366E/DS) (8/128); FOB Dubai,No currency/price posted; No price posted
2026-09-14 01:53 Asia/Kuwait,Sahil Bora DXB,Samsung A36 5G A366E/DS (8/256),,Sahil Bora DXB,Samsung A36 5G (A366E/DS) (8/256); FOB Dubai,No currency/price posted; No price posted
2026-09-14 01:53 Asia/Kuwait,Sahil Bora DXB,Samsung M17 5G (4/128),,Sahil Bora DXB,Samsung M17 5G (4/128); FOB Dubai,No currency/price posted; No price posted
2026-09-14 01:53 Asia/Kuwait,Sahil Bora DXB,Samsung M17e 5G (4/128),,Sahil Bora DXB,Samsung M17e 5G (4/128); FOB Dubai,No currency/price posted; No price posted
2026-09-14 01:53 Asia/Kuwait,Sahil Bora DXB,Samsung S25 FE S731B/DS (8/128),,Sahil Bora DXB,Samsung S25 FE S731B/DS (8/128); FOB Dubai,No currency/price posted; No price posted
2026-09-14 01:53 Asia/Kuwait,Sahil Bora DXB,Google Pixel 11 512GB,,Sahil Bora DXB,"Google Pixel 11 512GB, 33 pcs; FOB Dubai",No currency/price posted; 33 pcs; No price posted
2026-09-14 01:53 Asia/Kuwait,Sahil Bora DXB,Motorola Edge 60 Fusion (12/256),,Sahil Bora DXB,Motorola Edge 60 Fusion (12/256); In Booking; FOB Dubai,No currency/price posted; in booking; No price posted
2026-09-14 01:06 Asia/Kuwait,Joy Xie HK,Poco C71 4+64 EU,,Joy Xie HK,"WTS, EX HK, please check — Poco C71 4+64 EU $92",USD price; USD 92
2026-09-14 01:06 Asia/Kuwait,Joy Xie HK,Poco C71 4+128 EU,,Joy Xie HK,"WTS, EX HK, please check — Poco C71 4+128 EU $105",USD price; USD 105
2026-09-14 02:49 Asia/Kuwait,Lancy Tang HK,Redmi 15C 5G 4+128GB EU Spec,,Lancy Tang HK,WTS: Redmi 15C 5G 4+128GB EU Spec; Any demand for the above model?,No currency/price posted; No price posted
2026-09-14 03:45 Asia/Kuwait,Real Tech Fzco DXB,Samsung A075 4/128GB,,Real Tech Fzco DXB,Selling Samsung A075 4/128gb; Blk green violet; Arabic; Ready,No currency/price posted; No price posted
2026-09-14 15:14 Asia/Kuwait,Mohit- Teleflex DXB,Samsung A57 12/512GB,,Teleflex Telecom Fzco,WTS Sam. A57 12/512,No price posted; WTS
2026-09-14 22:31 Asia/Kuwait,Roy HK,Redmi 15C 4G 4+128GB EU,,Roy HK,Redmi 15C 4G 4+128GB EU — USD 115,Cumulative alert copy; source time shown.; USD 115
2026-09-14 02:19 Asia/Kuwait,Mobile Telecom Industry,Samsung Galaxy A36 8/128GB,,Mobile Telecom Industry,HOT Samsung Galaxy A36 8/128GB — USD 216,Cumulative alert copy; source time shown.; USD 216
2026-09-14 00:15 Asia/Kuwait,Ali Raza - Cellutech,Redmi A5 3/64GB,,Ali Raza - Cellutech,Redmi A5 3/64GB — USD 94,Cumulative alert copy; source time shown.; USD 94
2026-09-14 00:15 Asia/Kuwait,Ali Raza - Cellutech,Redmi A7 Pro 4G 4/64GB,,Ali Raza - Cellutech,Redmi A7 Pro 4G 4/64GB — USD 98,Cumulative alert copy; source time shown.; USD 98
2026-09-14 00:15 Asia/Kuwait,Ali Raza - Cellutech,Redmi A7 Pro 4G 4/128GB,,Ali Raza - Cellutech,Redmi A7 Pro 4G 4/128GB — USD 113,Cumulative alert copy; source time shown.; USD 113
2026-09-14 00:15 Asia/Kuwait,Ali Raza - Cellutech,Redmi Note 15 8/256GB,,Ali Raza - Cellutech,Redmi Note 15 8/256GB — USD 198,Cumulative alert copy; source time shown.; USD 198
2026-09-14 00:15 Asia/Kuwait,Ali Raza - Cellutech,Redmi Note 15 8/256GB NFC,,Ali Raza - Cellutech,Redmi Note 15 8/256GB NFC — USD 200,Cumulative alert copy; source time shown.; USD 200
2026-09-14 00:15 Asia/Kuwait,Ali Raza - Cellutech,Redmi Note 15 Pro 4G 8/256GB,,Ali Raza - Cellutech,Redmi Note 15 Pro 4G 8/256GB — USD 265,Cumulative alert copy; source time shown.; USD 265
2026-09-14 00:15 Asia/Kuwait,Ali Raza - Cellutech,Redmi 15C 4G 8/256GB,,Ali Raza - Cellutech,Redmi 15C 4G 8/256GB — USD 145,Cumulative alert copy; source time shown.; USD 145
2026-09-14 00:15 Asia/Kuwait,Ali Raza - Cellutech,Redmi Note 15 Pro+ 12/512GB,,Ali Raza - Cellutech,Redmi Note 15 Pro+ 12/512GB — USD 368,Cumulative alert copy; source time shown.; USD 368
2026-09-14 00:15 Asia/Kuwait,Ali Raza - Cellutech,POCO C85 8/256GB,,Ali Raza - Cellutech,POCO C85 8/256GB — USD 146,Cumulative alert copy; source time shown.; USD 146
2026-09-14 00:15 Asia/Kuwait,Ali Raza - Cellutech,POCO C85 6/128GB,,Ali Raza - Cellutech,POCO C85 6/128GB — USD 120,Cumulative alert copy; source time shown.; USD 120
2026-09-14 00:15 Asia/Kuwait,Ali Raza - Cellutech,POCO C81 Pro 4/64GB,,Ali Raza - Cellutech,POCO C81 Pro 4/64GB — USD 97,Cumulative alert copy; source time shown.; USD 97
2026-09-14 00:15 Asia/Kuwait,Ali Raza - Cellutech,POCO X8 Pro 5G 8/256GB,,Ali Raza - Cellutech,POCO X8 Pro 5G 8/256GB — USD 335,Cumulative alert copy; source time shown.; USD 335
2026-09-14 00:15 Asia/Kuwait,Ali Raza - Cellutech,POCO X8 Pro 12/512GB,,Ali Raza - Cellutech,POCO X8 Pro 12/512GB — USD 389,Cumulative alert copy; source time shown.; USD 389
2026-09-14 00:15 Asia/Kuwait,Ali Raza - Cellutech,POCO X8 Pro Max 5G 12/512GB,,Ali Raza - Cellutech,POCO X8 Pro Max 5G 12/512GB — USD 482,Cumulative alert copy; source time shown.; USD 482
2026-09-14 00:14 Asia/Kuwait,Roy HK,Redmi 15C 5G NFC 4+128 EU,,Roy HK,Redmi 15C 5G NFC 4+128 EU — USD 148,Cumulative alert copy; source time shown.; USD 148
2026-09-14 00:06 Asia/Kuwait,Mohit - Teleflex DXB,ZTE Blade A75 5G 4/128 with NFC,,Teleflex Telecom Fzco,ZTE Blade A75 5G 4/128 with NFC — No price posted,Cumulative alert copy; source time shown.; No price posted
2026-09-14  Asia/Kuwait,Bombay Digital DXB,Samsung Galaxy S25 Edge 256GB,,Bombay Digital DXB,HOT S25 Edge 256GB — AED 1850,Source offer time was not visible in the expanded alert.; AED 1850
2026-09-14  Asia/Kuwait,Eshan Cellutech,Redmi A7 Pro 4G 4/64GB,,Eshan Cellutech,HOT Redmi A7 Pro 4G 4/64GB — short-time deal language,Source offer time was not visible in the expanded alert.; No price posted
2026-09-14  Asia/Kuwait,Eshan Cellutech,Redmi A7 Pro 4G 4/128GB,,Eshan Cellutech,HOT Redmi A7 Pro 4G 4/128GB — short-time deal language,Source offer time was not visible in the expanded alert.; No price posted
2026-09-14  Asia/Kuwait,Shabbir Simtronics DXB,Samsung Galaxy S25 FE / S25 / S26 FE / S26 Ultra variants,,Shabbir Simtronics DXB,Galaxy S25FE/S25/S26 FE/S26 Ultra variants — list only,Source offer time was not visible in the expanded alert.; No price posted
2026-09-14  Asia/Kuwait,Onkar Singh Rajput HK,Xiaomi Note 17 Pro 8/256GB 5G,,Onkar Singh Rajput HK,Xiaomi Note 17 Pro 8/256GB 5G — on booking,Source offer time was not visible in the expanded alert.; No price posted
2026-09-15 05:49 Asia/Kuwait,Fiona Tang HK,Redmi Note 15 8/256GB,,Fiona Tang HK,Redmi note15 8+256 190$,From WA chat-list preview; full chat not opened (computerUse unavailable to executor).; USD 190
2026-09-15 05:49 Asia/Kuwait,Fiona Tang HK,Redmi A7 Pro 4/64GB,,Fiona Tang HK,Redmi A7Pro 4+64 $97,From WA chat-list preview; full chat not opened (computerUse unavailable to executor).; USD 97
2026-09-15 05:49 Asia/Kuwait,Fiona Tang HK,Redmi Note 15 8+256GB,,Fiona Tang HK,Redmi note15 8+256 190$,USD 190
2026-09-15 05:49 Asia/Kuwait,Fiona Tang HK,Redmi A7 Pro 4+64GB,,Fiona Tang HK,Redmi A7Pro 4+64 $97,USD 97
2026-09-15 05:49 Asia/Kuwait,Fiona Tang HK,Redmi 15 8+128GB,,Fiona Tang HK,Redmi15 8+128 172$,USD 172
2026-09-15 05:49 Asia/Kuwait,Fiona Tang HK,Redmi 15C 8+256GB,,Fiona Tang HK,Redmi 15C 8+256 156$,USD 156
2026-09-15 05:49 Asia/Kuwait,Fiona Tang HK,Redmi A5 3+64GB,,Fiona Tang HK,Redmi A5 3+64 92$,USD 92
2026-09-15 05:49 Asia/Kuwait,Fiona Tang HK,Redmi 15C 5G 4+128GB,,Fiona Tang HK,Redmi 15C 5G 4+128 153$,USD 153
2026-09-15 07:42 Asia/Kuwait,5g HK,Redmi 17 5G 4/128GB EU NFC activated resealed,,5g HK,WTS FOB HK Redmi 17 5G 4/128 EU NFC activated resealed 169.5$,USD 169.5
2026-09-15 07:42 Asia/Kuwait,5g HK,Redmi 17 5G 4/128GB CN NFC,,5g HK,WTS FOB HK Redmi 17 5G 4+128 CN NFC $137,USD 137
2026-09-15 07:42 Asia/Kuwait,5g HK,Redmi 17 5G 6/128GB,,5g HK,WTS FOB HK ... Redmi 17 5G 6+128 C…,
2026-09-15 01:36 Asia/Kuwait,Teleflex Dubai,OnePlus Nord CE5 8/256GB,,Teleflex Dubai,OnePlus Nord CE5 8/256GB,
2026-09-15 01:36 Asia/Kuwait,Teleflex Dubai,ZTE Blade A57 4/64GB,,Teleflex Dubai,ZTE Blade A57 4/64GB,
2026-09-15 01:36 Asia/Kuwait,Teleflex Dubai,ZTE Blade A57 4/128GB,,Teleflex Dubai,ZTE Blade A57 4/128GB,
2026-09-15 01:36 Asia/Kuwait,Teleflex Dubai,ZTE Blade A77 4/128GB,,Teleflex Dubai,ZTE Blade A77 4/128GB,
2026-09-15 01:36 Asia/Kuwait,Teleflex Dubai,ZTE Blade A35E 2/64GB,,Teleflex Dubai,ZTE Blade A35E 2/64GB,
2026-09-15 01:36 Asia/Kuwait,Teleflex Dubai,ZTE Blade A36 2/64GB,,Teleflex Dubai,ZTE Blade A36 2/64GB,
2026-09-15 01:36 Asia/Kuwait,Teleflex Dubai,ZTE Blade A36 4/64GB,,Teleflex Dubai,ZTE Blade A36 4/64GB,
2026-09-15 01:36 Asia/Kuwait,Teleflex Dubai,ZTE Blade A56 4/128GB,,Teleflex Dubai,ZTE Blade A56 4/128GB,
2026-09-15 01:36 Asia/Kuwait,Teleflex Dubai,ZTE Blade A75 5G 4/128GB,,Teleflex Dubai,ZTE Blade A75 5G 4/128GB,
2026-09-15 01:36 Asia/Kuwait,Teleflex Dubai,ZTE Blade A76 4/128GB,,Teleflex Dubai,ZTE Blade A76 4/128GB,
2026-09-15 01:36 Asia/Kuwait,Teleflex Dubai,ZTE Blade A76 5G 4/128GB,,Teleflex Dubai,ZTE Blade A76 5G 4/128GB,
2026-09-15 01:36 Asia/Kuwait,Teleflex Dubai,ZTE Nubia V80 Max 4/256GB,,Teleflex Dubai,ZTE Nubia V80 Max 4/256GB,
2026-09-15 01:36 Asia/Kuwait,Teleflex Dubai,ZTE Nubia V80 Design 4/256GB,,Teleflex Dubai,ZTE Nubia V80 Design 4/256GB,
2026-09-15 01:30 Asia/Kuwait,Shabbir Simtronics DXB,Samsung Galaxy A06 4GB+64GB | AFR,,Shabbir Simtronics DXB,A06 (A065) 4GB + 64GB | AFR,
2026-09-15 01:30 Asia/Kuwait,Shabbir Simtronics DXB,Samsung Galaxy A06 4GB+128GB | AFR,,Shabbir Simtronics DXB,A06 (A065) 4GB + 128GB | AFR,
2026-09-15 01:30 Asia/Kuwait,Shabbir Simtronics DXB,Samsung Galaxy A07 4GB+64GB | INDO/AFB/ARB,,Shabbir Simtronics DXB,A07 (A075) 4GB + 64GB | INDO/AFB/ARB,
2026-09-15 01:30 Asia/Kuwait,Shabbir Simtronics DXB,Samsung Galaxy A07 4GB+128GB | AFR,,Shabbir Simtronics DXB,A07 (A075) 4GB + 128GB | AFR,
2026-09-15 01:30 Asia/Kuwait,Shabbir Simtronics DXB,Samsung Galaxy A07s 4GB+64GB | AFR,,Shabbir Simtronics DXB,A07s (A077) 4GB + 64GB | AFR,
2026-09-15 01:30 Asia/Kuwait,Shabbir Simtronics DXB,Samsung Galaxy A16 4GB+128GB | AFB,,Shabbir Simtronics DXB,A16 (A165) 4GB + 128GB | AFB,
2026-09-15 01:30 Asia/Kuwait,Shabbir Simtronics DXB,Samsung Galaxy A17 4GB+128GB | ARB/AFB,,Shabbir Simtronics DXB,A17 (A175) 4GB + 128GB | ARB/AFB,
2026-09-15 01:30 Asia/Kuwait,Shabbir Simtronics DXB,Samsung Galaxy A17 6GB+128GB | ARB,,Shabbir Simtronics DXB,A17 (A175) 6GB + 128GB | ARB,
2026-09-15 01:30 Asia/Kuwait,Shabbir Simtronics DXB,Samsung Galaxy A17 8GB+128GB,,Shabbir Simtronics DXB,A17 (A175) 8GB + 128GB,
2026-09-15 01:30 Asia/Kuwait,Shabbir Simtronics DXB,Samsung Galaxy A17 8GB+256GB | MLY,,Shabbir Simtronics DXB,A17 (A175) 8GB + 256GB | MLY,
2026-09-15 01:30 Asia/Kuwait,Shabbir Simtronics DXB,Samsung Galaxy A27 6GB+128GB | AFR/EU,,Shabbir Simtronics DXB,A27 (A276) 6GB + 128GB | AFR/EU,
2026-09-15 01:30 Asia/Kuwait,Shabbir Simtronics DXB,Samsung Galaxy A27 8GB+256GB | MLY/PCT/AFR,,Shabbir Simtronics DXB,A27 (A276) 8GB + 256GB | MLY/PCT/AFR,
2026-09-15 01:30 Asia/Kuwait,Shabbir Simtronics DXB,Samsung Galaxy A37 8GB+256GB | PCT,,Shabbir Simtronics DXB,A37 (A376) 8GB + 256GB PCT,
2026-09-15 01:30 Asia/Kuwait,Shabbir Simtronics DXB,Samsung Galaxy A37 12GB+256GB | MLY,,Shabbir Simtronics DXB,A37 (A376) 12GB + 256GB MLY,
2026-09-15 01:30 Asia/Kuwait,Shabbir Simtronics DXB,Samsung Galaxy A57 8GB+256GB | INDO,,Shabbir Simtronics DXB,A57 (A576) 8GB + 256GB | INDO,
2026-09-15 01:30 Asia/Kuwait,Shabbir Simtronics DXB,Samsung Galaxy A57 12GB+256GB | INDO,,Shabbir Simtronics DXB,A57 (A576) 12GB + 256GB | INDO,
2026-09-15 01:30 Asia/Kuwait,Shabbir Simtronics DXB,Samsung Galaxy A57 12GB+512GB | SG,,Shabbir Simtronics DXB,A57 (A576) 12GB + 512GB | SG,
2026-09-15 01:30 Asia/Kuwait,Shabbir Simtronics DXB,Samsung Galaxy S25 12GB+256GB | INDIA,,Shabbir Simtronics DXB,S25 (S931) 12GB + 256GB INDIA,
2026-09-15 01:30 Asia/Kuwait,Shabbir Simtronics DXB,Samsung Galaxy S26 FE 8GB+256GB | AFR,,Shabbir Simtronics DXB,S26 FE (S741) 8GB + 256GB AFR,
2026-09-15 01:30 Asia/Kuwait,Shabbir Simtronics DXB,Samsung Galaxy S26 Ultra 12GB+512GB | AFR,,Shabbir Simtronics DXB,S26 ULTRA (S948) 12GB + 512GB AFR,
2026-09-15 01:30 Asia/Kuwait,Shabbir Simtronics DXB,Samsung Z Fold 8 Wide 12GB+256GB | AFR,,Shabbir Simtronics DXB,Z FOLD 8 WIDE (F971) 12GB + 256GB | AFR,
2026-09-15 01:30 Asia/Kuwait,Shabbir Simtronics DXB,Samsung Z Fold 8 Wide 12GB+512GB | AFR,,Shabbir Simtronics DXB,Z FOLD 8 WIDE (F971) 12GB + 512GB | AFR,
2026-09-15 01:30 Asia/Kuwait,Shabbir Simtronics DXB,Samsung Z Fold 8 Ultra 12GB+256GB | AFR,,Shabbir Simtronics DXB,Z FOLD 8 ULTRA (F976) 12GB + 256GB | AFR,
2026-09-15 01:30 Asia/Kuwait,Shabbir Simtronics DXB,Samsung Z Fold 8 Ultra 12GB+512GB | SG,,Shabbir Simtronics DXB,Z FOLD 8 ULTRA (F976) 12GB + 512GB | SG,
2026-09-15 01:25 Asia/Kuwait,CHIRAG DXB,A075 4/64GB Thai,,CHIRAG DXB,A075 4/64 THAI ...,
2026-09-15 01:25 Asia/Kuwait,CHIRAG DXB,A075 4/64GB Arabic,,CHIRAG DXB,A075 4/64 ARABIC ...,
2026-09-10 08:00 Asia/Kuwait,CHIRAG DXB,Note 14S 8/256GB,,CHIRAG DXB,NOTE 14S 8/256 - 185 $,USD 185
2026-09-10 08:00 Asia/Kuwait,CHIRAG DXB,Note 15 Pro 8/256GB,,CHIRAG DXB,NOTE 15 PRO 8/256 - 262 $,USD 262
2026-09-15 01:06 Asia/Kuwait,Joy Xie HK,Poco C71 4+64GB EU,,Joy Xie HK,Poco C71 4+64 EU $92,USD 92
2026-09-15 01:06 Asia/Kuwait,Joy Xie HK,Poco C71 4+128GB EU,,Joy Xie HK,Poco C71 4+128 EU $105,USD 105
2026-09-10 00:19 Asia/Kuwait,Joy Xie HK,Redmi 17 4+128GB,,Joy Xie HK,Redmi 17 4+128GB $120,USD 120
2026-09-10 00:19 Asia/Kuwait,Joy Xie HK,Redmi 17 8+256GB,,Joy Xie HK,Redmi 17 8+256GB $150,USD 150
2026-09-10 00:19 Asia/Kuwait,Joy Xie HK,Redmi 17 5G 6+128GB,,Joy Xie HK,Redmi 17 5G 6+128GB $160,USD 160
2026-09-15 00:28 Asia/Kuwait,Teleflex Telecom Fzco,Neo 5 Max 5G 8/256GB,,Teleflex Telecom Fzco,Neo 5 Max 5G 8/256gb,
2026-09-15 00:28 Asia/Kuwait,Teleflex Telecom Fzco,Nubia Air Pro 5G 8/256GB,,Teleflex Telecom Fzco,Nubia Air Pro 5G 8/256gb 🔥,
2026-09-15 05:14 Asia/Kuwait,Teleflex Telecom Fzco,Samsung Galaxy A57 12/512GB,,Teleflex Telecom Fzco,WTS Sam. A57 12/512,
2026-09-15 06:33 Asia/Kuwait,Teleflex Telecom Fzco,Redmi A7 Pro 4/128GB,,Teleflex Telecom Fzco,WTS Redmi A7 Pro 4/128,
2026-09-15 01:47 Asia/Kuwait,👍🇦🇪Burhan Baraka Fzco🇦🇪👍,Samsung S26 Ultra (S948) 12+512GB,,👍🇦🇪Burhan Baraka Fzco🇦🇪👍,Samsung S26 Ultra S948 12+ B/D 512gb @$980,USD 980
2026-09-15 01:02 Asia/Kuwait,Fiona Tang HK,HONOR X5C PLUS 6+256G US,,Fiona Tang HK,"HONOR X5C PLUS 6+256G US Black/Silver,Green$143",$143
2026-09-15 01:02 Asia/Kuwait,Fiona Tang HK,HONOR X9D 8+512G US,,Fiona Tang HK,HONOR X9D 8+512G US Black $313,$313
2026-09-15 02:58 Asia/Kuwait,Fiona Tang HK,Redmi Note 15 8+256G,,Fiona Tang HK,note 15 8+256 193$,$193
2026-09-15 07:49 Asia/Kuwait,Fiona Tang HK,Redmi Note 15 8+256G,,Fiona Tang HK,Redmi note15 8+256 190$,$190
2026-09-15 07:49 Asia/Kuwait,Fiona Tang HK,Redmi A7 Pro 4+64G,,Fiona Tang HK,Redmi A7Pro 4+64 $97,$97
2026-09-15 07:49 Asia/Kuwait,Fiona Tang HK,Redmi 15 8+128G,,Fiona Tang HK,Redmi15 8+128 172$,$172
2026-09-15 07:49 Asia/Kuwait,Fiona Tang HK,Redmi 15C 8+256G,,Fiona Tang HK,Redmi 15C 8+256 156$,$156
2026-09-15 07:49 Asia/Kuwait,Fiona Tang HK,Redmi A5 3+64G,,Fiona Tang HK,Redmi A5 3+64 92$,$92
2026-09-15 07:49 Asia/Kuwait,Fiona Tang HK,Redmi 15C 5G 4+128G,,Fiona Tang HK,Redmi 15C 5G 4+128 153$,$153
2026-09-14 22:31 Asia/Kuwait,Roy HK,Redmi 15C 4G 4+128 EU,,Roy HK,Redmi 15C 4G 4+128 EU $115,$115
2026-09-15 04:05 Asia/Kuwait,Roy HK,Redmi 15C 5G 4/128G UK,,Roy HK,Redmi 15C 5G 4/128G UK $146 with UK Charger,$146
2026-09-11 00:52 Asia/Kuwait,Roy HK,POCO C71 4+64 EU,,Roy HK,POCO C71 4+64 EU $89,$89
2026-09-11 01:34 Asia/Kuwait,Roy HK,POCO X8 Pro 8+256 EU,,Roy HK,Poco X8pro 8+256 EU $328,$328
2026-09-10 02:43 Asia/Kuwait,Roy HK,Redmi Note 15 5G NFC 8+256 EU,,Roy HK,Redmi Note 15 5G NFC 8+256 EU $218,$218
2026-09-15 07:42 Asia/Kuwait,5g HK,Redmi 17 5G 4+128 CN NFC,,5g HK,WTS Fob HK Redmi 17 5G 4+128 CN NFC $137,$137
2026-09-15 07:42 Asia/Kuwait,5g HK,Redmi 17 5G 6+128 CN,,5g HK,WTS Fob HK Redmi 17 5G 6+128 CN $155,$155
2026-09-15 07:42 Asia/Kuwait,5g HK,Redmi 13C 5G 6+128G CN,,5g HK,WTS Fob HK Redmi 13C 5G 6+128G CN $118,$118
2026-09-15 07:42 Asia/Kuwait,5g HK,Redmi 14C 4G 4+128G CN,,5g HK,WTS Fob HK Redmi 14C 4G 4+128G CN ,
2026-09-15 07:42 Asia/Kuwait,5g HK,Redmi 14C 4G 8+256G CN,,5g HK,WTS Fob HK Redmi 14C 4G 8+256G CN ,
2026-09-15 07:42 Asia/Kuwait,5g HK,Redmi 17C 4G 4+64G CN,,5g HK,WTS Fob HK Redmi 17C 4G 4+64G CN $107,$107
2026-09-15 07:42 Asia/Kuwait,5g HK,Redmi 17C 4G 4+128G CN,,5g HK,WTS Fob HK Redmi 17C 4G 4+128G CN $122,$122
2026-09-15 07:42 Asia/Kuwait,5g HK,Redmi 17C 4G 8+256G CN,,5g HK,WTS Fob HK Redmi 17C 4G 8+256G CN $148,$148
2026-09-15 07:42 Asia/Kuwait,5g HK,Redmi Note14 5G 8+128 CN,,5g HK,WTS Fob HK Redmi Note14 5G 8+128 CN $158,$158
2026-09-15 07:42 Asia/Kuwait,5g HK,Redmi Note14 5G 8+256 CN,,5g HK,WTS Fob HK Redmi Note14 5G 8+256 CN $188,$188
2026-09-15 07:42 Asia/Kuwait,5g HK,Redmi Note17 5G 6+128 CN,,5g HK,WTS Fob HK Redmi Note17 5G 6+128 CN $178,$178
2026-09-15 07:42 Asia/Kuwait,5g HK,Redmi Note17 5G 8+128 CN,,5g HK,WTS Fob HK Redmi Note17 5G 8+128 CN $193,$193
2026-09-15 07:42 Asia/Kuwait,5g HK,Redmi Note17 5G 8+256 CN,,5g HK,WTS Fob HK Redmi Note17 5G 8+256 CN $210,$210
2026-09-15 07:42 Asia/Kuwait,5g HK,Xiaomi Civi5Pro 5G 12+256 CN,,5g HK,WTS Fob HK Xiaomi Civi5Pro 5G 12+256 CN $330,$330
2026-09-15 07:42 Asia/Kuwait,5g HK,Redmi Note 14 Pro+ 12+512 CN,,5g HK,WTS Fob HK Redmi Note 14 Pro+ 12+512 CN $248,$248
2026-09-15 07:42 Asia/Kuwait,5g HK,Redmi 17 5G 4/128 EU NFC activated resealed,,5g HK,WTS Fob HK Redmi 17 5G 4/128 EU NFC activated resealed $169.5,$169.5
2026-09-12 07:19 Asia/Kuwait,Lancy Tang HK,Redmi Note14 5G 8+256GB Global spec,,Lancy Tang HK,Redmi Note14 5G 8+256GB Global spec 300 pieces $188/pc exw hk give you $187/pc exw hk,$187/pc exw hk
2026-09-15 02:49 Asia/Kuwait,Lancy Tang HK,Redmi 15C 5G 4+128GB EU Spec,,Lancy Tang HK,WTS: Redmi 15C 5G 4+128GB EU Spec Any demand for the above model ?,
2026-09-10 00:19 Asia/Kuwait,Joy Xie HK,Redmi Note 15 8+256G EU,,Joy Xie HK,"WTS, EX HK, please check Redmi Note 15 8+256G EU $193",$193
2026-09-10 00:19 Asia/Kuwait,Joy Xie HK,Redmi Note17 5G 6+128G,,Joy Xie HK,"WTS, EX HK, please check Redmi Note17 5G 6+128G $180",$180
2026-09-10 00:19 Asia/Kuwait,Joy Xie HK,Redmi Note17 5G 8+128G,,Joy Xie HK,"WTS, EX HK, please check Redmi Note17 5G 8+128G $195",$195
2026-09-10 00:19 Asia/Kuwait,Joy Xie HK,Redmi Note17 5G 8+256G,,Joy Xie HK,"WTS, EX HK, please check Redmi Note17 5G 8+256G $215",$215
2026-09-10 00:19 Asia/Kuwait,Joy Xie HK,Redmi 9A 4+64G,,Joy Xie HK,"WTS, EX HK, please check Redmi 9A 4+64G $80",$80
2026-09-10 00:19 Asia/Kuwait,Joy Xie HK,Redmi 14C 4+128G,,Joy Xie HK,"WTS, EX HK, please check Redmi 14C 4+128G $108",$108
2026-09-10 00:19 Asia/Kuwait,Joy Xie HK,Redmi 14C 8+256G,,Joy Xie HK,"WTS, EX HK, please check Redmi 14C 8+256G $127",$127
2026-09-10 00:19 Asia/Kuwait,Joy Xie HK,Redmi 13C 6+128G,,Joy Xie HK,"WTS, EX HK, please check Redmi 13C 6+128G $121",$121
2026-09-10 00:19 Asia/Kuwait,Joy Xie HK,Redmi 17C 4+64G,,Joy Xie HK,"WTS, EX HK, please check Redmi 17C 4+64G $110",$110
2026-09-10 00:19 Asia/Kuwait,Joy Xie HK,Redmi 17C 4+128G,,Joy Xie HK,"WTS, EX HK, please check Redmi 17C 4+128G $125",$125
2026-09-10 00:19 Asia/Kuwait,Joy Xie HK,Redmi 17C 8+256G,,Joy Xie HK,"WTS, EX HK, please check Redmi 17C 8+256G $150",$150
2026-09-10 00:19 Asia/Kuwait,Joy Xie HK,Redmi 17 5G 6+128G,,Joy Xie HK,"WTS, EX HK, please check Redmi 17 5G 6+128G $160",$160
2026-09-15 01:06 Asia/Kuwait,Joy Xie HK,POCO C71 4+64 EU,,Joy Xie HK,"WTS, EX HK, please check POCO C71 4+64 EU $92",$92
2026-09-15 01:06 Asia/Kuwait,Joy Xie HK,POCO C71 4+128 EU,,Joy Xie HK,"WTS, EX HK, please check POCO C71 4+128 EU $105",$105
2026-09-15 02:59 Asia/Kuwait,Onkar Singh Rajput HK,Samsung A17 8/128GB 5G,,Onkar Singh Rajput HK,Wts Samsung A17 8/128GB 5G On booking,On booking
2026-09-15 00:28 Asia/Kuwait,Teleflex Telecom Fzco,A066 5G 4/64GB,,Teleflex Telecom Fzco,SELLING READY STOCK A066 5G 4/64GB,
2026-09-15 00:28 Asia/Kuwait,Teleflex Telecom Fzco,A066 5G 4/128GB,,Teleflex Telecom Fzco,SELLING READY STOCK A066 5G 4/128GB,
2026-09-15 00:28 Asia/Kuwait,Teleflex Telecom Fzco,A066 5G 6/128GB,,Teleflex Telecom Fzco,SELLING READY STOCK A066 5G 6/128GB,
2026-09-15 00:28 Asia/Kuwait,Teleflex Telecom Fzco,A075 4/64GB,,Teleflex Telecom Fzco,SELLING READY STOCK A075 4/64GB,
2026-09-15 00:28 Asia/Kuwait,Teleflex Telecom Fzco,A076 5G 4/64GB,,Teleflex Telecom Fzco,SELLING READY STOCK A076 5G 4/64GB,
2026-09-15 00:28 Asia/Kuwait,Teleflex Telecom Fzco,A075 4/128GB,,Teleflex Telecom Fzco,SELLING READY STOCK A075 4/128GB,
2026-09-15 00:28 Asia/Kuwait,Teleflex Telecom Fzco,A175 4/128GB,,Teleflex Telecom Fzco,SELLING READY STOCK A175 4/128GB,
2026-09-15 00:28 Asia/Kuwait,Teleflex Telecom Fzco,A176 5G 4/128GB,,Teleflex Telecom Fzco,SELLING READY STOCK A176 5G 4/128GB,
2026-09-15 00:28 Asia/Kuwait,Teleflex Telecom Fzco,OnePlus Nord CE5 5G 8/256GB,,Teleflex Telecom Fzco,SELLING READY STOCK OnePlus Nord CE5 5G 8/256GB,
2026-09-15 00:28 Asia/Kuwait,Teleflex Telecom Fzco,Redmi A5 3/64GB,,Teleflex Telecom Fzco,SELLING READY STOCK Redmi A5 3/64GB,
2026-09-15 00:28 Asia/Kuwait,Teleflex Telecom Fzco,Redmi A7 Pro 4/64GB,,Teleflex Telecom Fzco,SELLING READY STOCK Redmi A7 Pro 4/64GB,
2026-09-15 00:28 Asia/Kuwait,Teleflex Telecom Fzco,Redmi A7 Pro 4/128GB,,Teleflex Telecom Fzco,SELLING READY STOCK Redmi A7 Pro 4/128GB,
2026-09-15 00:28 Asia/Kuwait,Teleflex Telecom Fzco,Redmi 15C 8/256GB,,Teleflex Telecom Fzco,SELLING READY STOCK Redmi 15C 8/256GB,
2026-09-15 00:28 Asia/Kuwait,Teleflex Telecom Fzco,ZTE Blade A35E 2/64GB,,Teleflex Telecom Fzco,SELLING READY STOCK ZTE Blade A35E 2/64GB,
2026-09-15 00:28 Asia/Kuwait,Teleflex Telecom Fzco,ZTE Blade A36 2/64GB,,Teleflex Telecom Fzco,SELLING READY STOCK ZTE Blade A36 2/64GB,
2026-09-15 00:28 Asia/Kuwait,Teleflex Telecom Fzco,ZTE Blade A36 4/64GB,,Teleflex Telecom Fzco,SELLING READY STOCK ZTE Blade A36 4/64GB,
2026-09-15 00:28 Asia/Kuwait,Teleflex Telecom Fzco,ZTE Blade A56 4/128GB,,Teleflex Telecom Fzco,SELLING READY STOCK ZTE Blade A56 4/128GB,
2026-09-15 00:28 Asia/Kuwait,Teleflex Telecom Fzco,ZTE Blade A75 5G 4/128GB,,Teleflex Telecom Fzco,SELLING READY STOCK ZTE Blade A75 5G 4/128GB,
2026-09-15 00:28 Asia/Kuwait,Teleflex Telecom Fzco,ZTE Blade A76 4G 4/128GB,,Teleflex Telecom Fzco,SELLING READY STOCK ZTE Blade A76 4G 4/128GB,
2026-09-15 00:28 Asia/Kuwait,Teleflex Telecom Fzco,ZTE Blade A76 5G 4/128GB,,Teleflex Telecom Fzco,SELLING READY STOCK ZTE Blade A76 5G 4/128GB,
2026-09-15 00:28 Asia/Kuwait,Teleflex Telecom Fzco,ZTE A57 4/64GB,,Teleflex Telecom Fzco,SELLING READY STOCK ZTE A57 4/64GB,
2026-09-15 00:28 Asia/Kuwait,Teleflex Telecom Fzco,ZTE A57 4/128GB,,Teleflex Telecom Fzco,SELLING READY STOCK ZTE A57 4/128GB,
2026-09-15 00:28 Asia/Kuwait,Teleflex Telecom Fzco,ZTE A77 4/128GB,,Teleflex Telecom Fzco,SELLING READY STOCK ZTE A77 4/128GB,
2026-09-15 00:28 Asia/Kuwait,Teleflex Telecom Fzco,HONOR X6D 5G 4/128GB,,Teleflex Telecom Fzco,SELLING READY STOCK HONOR X6D 5G 4/128GB,
2026-09-15 00:28 Asia/Kuwait,Teleflex Telecom Fzco,HONOR X6C 6/128GB,,Teleflex Telecom Fzco,SELLING READY STOCK HONOR X6C 6/128GB,
2026-09-15 00:28 Asia/Kuwait,Teleflex Telecom Fzco,Nubia Neo 5 5G 8/256GB,,Teleflex Telecom Fzco,SELLING READY STOCK Nubia Neo 5 5G 8/256GB,
2026-09-15 00:28 Asia/Kuwait,Teleflex Telecom Fzco,Nubia Neo 5 GT 5G 8/256GB,,Teleflex Telecom Fzco,SELLING READY STOCK Nubia Neo 5 GT 5G 8/256GB,
2026-09-15 00:28 Asia/Kuwait,Teleflex Telecom Fzco,Nubia Neo 5 Max 5G 8/256GB,,Teleflex Telecom Fzco,SELLING READY STOCK Nubia Neo 5 Max 5G 8/256GB,
2026-09-15 00:28 Asia/Kuwait,Teleflex Telecom Fzco,Nubia Air Pro 5G 8/256GB,,Teleflex Telecom Fzco,SELLING READY STOCK Nubia Air Pro 5G 8/256GB,
2026-09-15 05:14 Asia/Kuwait,Teleflex Telecom Fzco,Samsung A57 12/512GB,,Teleflex Telecom Fzco,WTS Samsung A57 12/512GB,
2026-09-09 01:53 Asia/Kuwait,Real Tech Fzco DXB,Samsung S25 FE 8/256GB,,Real Tech Fzco DXB,Selling Samsung S25 FE 8/256GB Ready stock,
2026-09-09 01:53 Asia/Kuwait,Real Tech Fzco DXB,Samsung S26 FE 8/256GB,,Real Tech Fzco DXB,Selling Samsung S26 FE 8/256GB Ready stock,
2026-09-09 01:53 Asia/Kuwait,Real Tech Fzco DXB,Samsung S25 Ultra 12/256GB,,Real Tech Fzco DXB,Selling Samsung S25 Ultra 12/256GB Ready stock,
2026-09-09 01:53 Asia/Kuwait,Real Tech Fzco DXB,Samsung X135 4/64GB,,Real Tech Fzco DXB,Selling Samsung X135 4/64GB Ready stock,
2026-09-09 01:53 Asia/Kuwait,Real Tech Fzco DXB,Samsung X230 6/128GB,,Real Tech Fzco DXB,Selling Samsung X230 6/128GB Ready stock,
2026-09-15 03:45 Asia/Kuwait,Real Tech Fzco DXB,Samsung A075 4/128GB Arabic,,Real Tech Fzco DXB,Selling Samsung A075 4/128GB Arabic Ready stock,
2026-09-15 02:01 Asia/Kuwait,KHALID ZAID SWIFT TELECOM,Samsung A075 4/64GB,,KHALID ZAID SWIFT TELECOM,Samsung A075 4/64GB 385,385
2026-09-15 02:01 Asia/Kuwait,KHALID ZAID SWIFT TELECOM,Samsung A075 4/128GB,,KHALID ZAID SWIFT TELECOM,Samsung A075 4/128GB 435,435
2026-09-15 02:01 Asia/Kuwait,KHALID ZAID SWIFT TELECOM,Samsung A165 4/128GB,,KHALID ZAID SWIFT TELECOM,Samsung A165 4/128GB 495,495
2026-09-15 02:01 Asia/Kuwait,KHALID ZAID SWIFT TELECOM,Samsung A175 4/128GB,,KHALID ZAID SWIFT TELECOM,Samsung A175 4/128GB 535,535
2026-09-15 02:01 Asia/Kuwait,KHALID ZAID SWIFT TELECOM,Samsung A175 6/128GB,,KHALID ZAID SWIFT TELECOM,Samsung A175 6/128GB 615,615
2026-09-15 03:26 Asia/Kuwait,KHALID ZAID SWIFT TELECOM,Samsung Galaxy S26 Ultra 12/256GB Black,,KHALID ZAID SWIFT TELECOM,"Samsung Galaxy S26 Ultra 12/256GB Black AED 3,070","AED 3,070"
2026-09-15 03:26 Asia/Kuwait,KHALID ZAID SWIFT TELECOM,Samsung Galaxy S26 Ultra 12/256GB White,,KHALID ZAID SWIFT TELECOM,"Samsung Galaxy S26 Ultra 12/256GB White AED 3,095","AED 3,095"
2026-09-15 01:53 Asia/Kuwait,Sahil Bora DXB,Samsung A175 4/128GB,,Sahil Bora DXB,WTS Ready Stock In FZE Samsung A175 4/128GB,
2026-09-15 01:53 Asia/Kuwait,Sahil Bora DXB,Samsung A07 4G 4/64,,Sahil Bora DXB,WTS Ready Stock In FZE Samsung A07 4G 4/64,
2026-09-15 01:53 Asia/Kuwait,Sahil Bora DXB,Samsung A36 5G A366E/DS 8/128,,Sahil Bora DXB,WTS Ready Stock In FZE Samsung A36 5G A366E/DS 8/128,
2026-09-15 01:53 Asia/Kuwait,Sahil Bora DXB,Samsung A36 5G A366E/DS 8/256,,Sahil Bora DXB,WTS Ready Stock In FZE Samsung A36 5G A366E/DS 8/256,
2026-09-15 01:53 Asia/Kuwait,Sahil Bora DXB,Samsung M17 5G 4/128,,Sahil Bora DXB,WTS Ready Stock In FZE Samsung M17 5G 4/128,
2026-09-15 01:53 Asia/Kuwait,Sahil Bora DXB,Samsung M17e 5G 4/128,,Sahil Bora DXB,WTS Ready Stock In FZE Samsung M17e 5G 4/128,
2026-09-15 01:53 Asia/Kuwait,Sahil Bora DXB,Samsung S25 FE S731B/DS 8/128,,Sahil Bora DXB,WTS Ready Stock In FZE Samsung S25 FE S731B/DS 8/128,
2026-09-15 01:53 Asia/Kuwait,Sahil Bora DXB,Google Pixel 11 512GB,,Sahil Bora DXB,WTS Ready Stock In FZE Google Pixel 11 512GB,
2026-09-15 01:53 Asia/Kuwait,Sahil Bora DXB,Motorola Edge 60 Fusion 12/256,,Sahil Bora DXB,WTS Ready Stock In FZE Motorola Edge 60 Fusion 12/256,
2026-09-12 07:37 Asia/Kuwait,Sahil Bora DXB,Samsung M17 4/128,,Sahil Bora DXB,Samsung M17 4/128 - $160 ready stock,$160
2026-09-12 07:37 Asia/Kuwait,Sahil Bora DXB,Samsung M17e 4/128,,Sahil Bora DXB,Samsung M17e 4/128 - $148 ready stock,$148
2026-09-15 04:05 Asia/Kuwait,Mohit- Teleflex DXB,A066 5G 4/64GB,,Mohit- Teleflex DXB,A066 5g 64 price — 370,370
2026-09-15 06:32 Asia/Kuwait,Mohit- Teleflex DXB,HONOR X6D 5G 4/128GB,,Mohit- Teleflex DXB,Honor x6d 5g 4/128,
2026-09-15 06:32 Asia/Kuwait,Mohit- Teleflex DXB,HONOR X6C 4/128GB,,Mohit- Teleflex DXB,X6c 4/128 price,
Today 7:49 PM,Fiona Tang HK,Redmi Note 15 8+256,,Fiona Tang HK,Redmi note15 8+256 190$,Visible wholesale list.; $190
Today 7:49 PM,Fiona Tang HK,Redmi A7 Pro 4+64,,Fiona Tang HK,Redmi A7Pro 4+64 $97,Visible wholesale list.; $97
Today 7:49 PM,Fiona Tang HK,Redmi 15 8+128,,Fiona Tang HK,Redmi15 8+128 172$,Visible wholesale list.; $172
Today 7:49 PM,Fiona Tang HK,Redmi 15C 8+256,,Fiona Tang HK,Redmi 15C 8+256 156$,Visible wholesale list.; $156
Today 7:49 PM,Fiona Tang HK,Redmi A5 3+64,,Fiona Tang HK,Redmi A5 3+64 92$,Visible wholesale list.; $92
Today 7:49 PM,Fiona Tang HK,Redmi 15C 5G 4+128,,Fiona Tang HK,Redmi 15C 5G 4+128 153$,Visible wholesale list.; $153
Today 7:42 AM,5g HK,Redmi 17 5G 4+128 CN NFC,,5g HK,Redmi 17 5G 4+128 CN NFC $137,FOB HK wholesale list.; $137
Today 7:42 AM,5g HK,Redmi 17 5G 6+128 CN,,5g HK,Redmi 17 5G 6+128 CN $155,FOB HK wholesale list.; $155
Today 7:42 AM,5g HK,Redmi 13C 5G 6+128G CN,,5g HK,Redmi 13C 5G 6+128G CN $118,FOB HK wholesale list.; $118
Today 7:42 AM,5g HK,Redmi 14C 4G 4+128G CN,,5g HK,Redmi 14C 4G 4+128G CN,FOB HK wholesale list.
Today 7:42 AM,5g HK,Redmi 14C 4G 8+256G CN,,5g HK,Redmi 14C 4G 8+256G CN,FOB HK wholesale list.
Today 7:42 AM,5g HK,Redmi 17C 4G 4+64G CN,,5g HK,Redmi 17C 4G 4+64G CN $107,FOB HK wholesale list.; $107
Today 7:42 AM,5g HK,Redmi 17C 4G 4+128G CN,,5g HK,Redmi 17C 4G 4+128G CN $122,FOB HK wholesale list.; $122
Today 7:42 AM,5g HK,Redmi 17C 4G 8+256G CN,,5g HK,Redmi 17C 4G 8+256G CN $148 prebook,Prebook.; $148
Today 7:42 AM,5g HK,Redmi Note 14 5G 8+128 CN,,5g HK,Redmi Note14 5G 8+128 CN $158,FOB HK wholesale list.; $158
Today 7:42 AM,5g HK,Redmi Note 14 5G 8+256 CN,,5g HK,Redmi Note14 5G 8+256 CN $188,FOB HK wholesale list.; $188
Today 7:42 AM,5g HK,Redmi Note 17 5G 6+128 CN,,5g HK,Redmi Note17 5G 6+128 CN $178,FOB HK wholesale list.; $178
Today 7:42 AM,5g HK,Redmi Note 17 5G 8+128 CN,,5g HK,Redmi Note17 5G 8+128 CN $193,FOB HK wholesale list.; $193
Today 7:42 AM,5g HK,Redmi Note 17 5G 8+256 CN,,5g HK,Redmi Note17 5G 8+256 CN $210,FOB HK wholesale list.; $210
Today 7:42 AM,5g HK,Xiaomi Civi 5 Pro 5G 12+256 CN,,5g HK,Xiaomi Civi5Pro 5G 12+256 CN $330,FOB HK wholesale list.; $330
Today 7:42 AM,5g HK,Redmi Note 14 Pro+ 12+512 CN,,5g HK,Redmi Note14pro plus 12+512 CN $248 prebook,Prebook.; $248
Today 7:42 AM,5g HK,Redmi 17 5G 4/128 EU NFC activated resealed,,5g HK,Redmi 17 5G 4/128 EU NFC activated resealed 169.5$,Prebook 3–4 days.; $169.5
Today 4:05 AM,Mohit- Teleflex DXB,A066 5G 64GB,,Mohit- Teleflex DXB,A066 5g 64 price → 370; Asian spec,Currency not stated; Asian spec mentioned in follow-up.; 370
Today 3:45 AM,Real Tech Fzco DXB,Samsung A075 4/128GB,,Real Tech Fzco DXB,Selling Samsung A075 4/128gb Blk green violet Arabic Ready,Ready stock; no price posted.
Today 2:01 AM,KHALID ZAID SWIFT TELECOM,Samsung A075 4/64,,KHALID ZAID SWIFT TELECOM,A075 4 64@385,Samsung Arabic list; currency not stated in message.; @385
Today 2:01 AM,KHALID ZAID SWIFT TELECOM,Samsung A075 4/128,,KHALID ZAID SWIFT TELECOM,A075 4 128@435,Samsung Arabic list; currency not stated in message.; @435
Today 2:01 AM,KHALID ZAID SWIFT TELECOM,Samsung A165 4/128,,KHALID ZAID SWIFT TELECOM,A165 4 128@495,Samsung Arabic list; currency not stated in message.; @495
Today 2:01 AM,KHALID ZAID SWIFT TELECOM,Samsung A175 4/128,,KHALID ZAID SWIFT TELECOM,A175 4 128@535,Samsung Arabic list; currency not stated in message.; @535
Today 2:01 AM,KHALID ZAID SWIFT TELECOM,Samsung A175 6/128,,KHALID ZAID SWIFT TELECOM,A175 6 128@615,Samsung Arabic list; currency not stated in message.; @615
Today 3:26 AM,KHALID ZAID SWIFT TELECOM,Samsung Galaxy S26 Ultra 12/256GB Black,,KHALID ZAID SWIFT TELECOM,"Galaxy S26 Ultra 12/256GB Black — 3,070 AED","Ready stock — DAFZA Dubai.; AED 3,070"
Today 3:26 AM,KHALID ZAID SWIFT TELECOM,Samsung Galaxy S26 Ultra 12/256GB White,,KHALID ZAID SWIFT TELECOM,"Galaxy S26 Ultra 12/256GB White — 3,095 AED","Ready stock — DAFZA Dubai.; AED 3,095"
Today 2:49 AM,Lancy Tang HK,Redmi 15C 5G 4+128GB EU Spec,,Lancy Tang HK,WTS Redmi 15C 5G 4+128GB EU Spec; Any demand?,No price posted.
Yesterday 7:19 AM,Lancy Tang HK,Redmi Note 14 5G 8+256GB Global spec,,Lancy Tang HK,"300 pieces; $188/pc exw hk, give you $187/pc exw hk","300 pcs, EXW HK; discounted quote.; $187/pc"
Today 1:53 AM,Sahil Bora DXB,Samsung A175 4/128GB,,Sahil Bora DXB,WTS Ready Stock In FZE: Samsung A175 4/128GB,FOB Dubai; no price posted.
Today 1:53 AM,Sahil Bora DXB,Samsung A07 4G 4/64,,Sahil Bora DXB,WTS Ready Stock In FZE: Samsung A07 4G 4/64,FOB Dubai; no price posted.
Today 1:53 AM,Sahil Bora DXB,Samsung A36 5G 8/128,,Sahil Bora DXB,WTS Ready Stock In FZE: Samsung A36 5G 8/128,FOB Dubai; no price posted.
Today 1:53 AM,Sahil Bora DXB,Samsung A36 5G 8/256,,Sahil Bora DXB,WTS Ready Stock In FZE: Samsung A36 5G 8/256,FOB Dubai; no price posted.
Today 1:53 AM,Sahil Bora DXB,Samsung M17 5G 4/128,,Sahil Bora DXB,WTS Ready Stock In FZE: Samsung M17 5G 4/128,FOB Dubai; no price posted.
Today 1:53 AM,Sahil Bora DXB,Samsung M17e 5G 4/128,,Sahil Bora DXB,WTS Ready Stock In FZE: Samsung M17e 5G 4/128,FOB Dubai; no price posted.
Today 1:53 AM,Sahil Bora DXB,Samsung S25 FE 8/128,,Sahil Bora DXB,WTS Ready Stock In FZE: Samsung S25 FE 8/128,FOB Dubai; no price posted.
Today 1:53 AM,Sahil Bora DXB,Google Pixel 11 512GB,,Sahil Bora DXB,WTS Ready Stock In FZE: Google Pixel 11 512GB,33 pcs; FOB Dubai; no price posted.
Today 1:53 AM,Sahil Bora DXB,Motorola Edge 60 Fusion 12/256,,Sahil Bora DXB,WTS Ready Stock In FZE: Motorola Edge 60 Fusion 12/256,In booking; FOB Dubai; no price posted.
Today 7:42 AM,5g HK,Redmi Note14 5G 8+128 CN,,5g HK,Redmi Note14 5G 8+128 CN $158,FOB HK; USD; price shown by supplier.; $158
Today 7:42 AM,5g HK,Redmi Note14 5G 8+256 CN,,5g HK,Redmi Note14 5G 8+256 CN $188,FOB HK; USD; price shown by supplier.; $188
Today 7:42 AM,5g HK,Redmi Note17 5G 6+128 CN,,5g HK,Redmi Note17 5G 6+128 CN $178,FOB HK; USD; price shown by supplier.; $178
Today 7:42 AM,5g HK,Redmi Note17 5G 8+128 CN,,5g HK,Redmi Note17 5G 8+128 CN $193,FOB HK; USD; price shown by supplier.; $193
Today 7:42 AM,5g HK,Redmi Note17 5G 8+256 CN,,5g HK,Redmi Note17 5G 8+256 CN $210,FOB HK; USD; price shown by supplier.; $210
Today 7:42 AM,5g HK,Xiaomi Civi5Pro 5G 12+256 CN,,5g HK,Xiaomi Civi5Pro 5G 12+256 CN $330,FOB HK; USD; price shown by supplier.; $330
Today 7:42 AM,5g HK,Redmi Note 14 Pro+ 12+512 CN,,5g HK,Redmi Note 14pro plus 12+512 CN $248 prebook,FOB HK; USD; price shown by supplier.; $248
Today 1:02 AM,Fiona Tang HK,Redmi Note 15 8+256,,Fiona Tang HK,note 15 8+256 193$,USD; phone offer.; $193
Yesterday 7:19 AM,Lancy Tang HK,Redmi Note14 5G 8+256 Global spec,,Lancy Tang HK,Redmi Note14 5G 8+256GB Global spec 300 pieces $188/pc exw hk give you $187/pc exw hk,USD; EXW HK; 300 pieces; discounted quote.; $187/pc (quoted $188/pc)
Today 2:49 AM,Lancy Tang HK,Redmi 15C 5G 4+128 EU Spec,,Lancy Tang HK,WTS: Redmi 15C 5G 4+128GB EU Spec Any demand for the above model ?,Price not posted; supplier asked about demand.
Today 4:05 AM,Roy HK,Redmi 15C 5G 4/128 UK,,Roy HK,Redmi 15C 5G 4/128G UK $146 with UK Charger,"USD; quantities Black 60, Purple 15, Green 15.; $146"
Today 2:01 AM,KHALID ZAID SWIFT TELECOM,Samsung A16 4/128,,KHALID ZAID SWIFT TELECOM,A165 4 128@495,Arabic spec; ready stock DAFZA Dubai.; AED 495
Today 2:01 AM,KHALID ZAID SWIFT TELECOM,Samsung A17 4/128,,KHALID ZAID SWIFT TELECOM,A175 4 128@535,Arabic spec; ready stock DAFZA Dubai.; AED 535
Today 2:01 AM,KHALID ZAID SWIFT TELECOM,Samsung A17 6/128,,KHALID ZAID SWIFT TELECOM,A175 6 128@615,Arabic spec; ready stock DAFZA Dubai.; AED 615
Today 3:26 AM,KHALID ZAID SWIFT TELECOM,Samsung Galaxy S26 Ultra 12/256 Black,,KHALID ZAID SWIFT TELECOM,"Galaxy S26 Ultra 12/256GB Black — 3,070 AED","Arabic spec; ready stock DAFZA Dubai.; AED 3,070"
Today 3:26 AM,KHALID ZAID SWIFT TELECOM,Samsung Galaxy S26 Ultra 12/256 White,,KHALID ZAID SWIFT TELECOM,"Galaxy S26 Ultra 12/256GB White — 3,095 AED","Arabic spec; ready stock DAFZA Dubai.; AED 3,095"
Today 2:59 AM,Onkar Singh Rajput HK,Samsung A17 5G 8/128,,Onkar Singh Rajput HK,Wts Samsung A17 8/128gb 5G On booking,Price not posted; on booking.
Today 4:05 AM,Mohit- Teleflex DXB,Samsung A06 5G 4/64,,Mohit- Teleflex DXB,A066 5g 64 price … 370,Currency unknown; Asian spec indicated in adjacent message.; 370
Today 3:45 AM,Real Tech Fzco DXB,Samsung A075 4/128,,Real Tech Fzco DXB,Selling Samsung A075 4/128gb Blk green violet Arabic Ready,Price not posted; Arabic; ready stock.
Today 1:53 AM,Sahil Bora DXB,Samsung A36 5G 8/128,,Sahil Bora DXB,Samsung A36 5G (A366E/DS) (8/128),Ready stock in FZE; FOB Dubai; price not posted.
Today 1:53 AM,Sahil Bora DXB,Samsung A36 5G 8/256,,Sahil Bora DXB,Samsung A36 5G (A366E/DS) (8/256),Ready stock in FZE; FOB Dubai; price not posted.
Today 1:53 AM,Sahil Bora DXB,Samsung S25 FE 8/128,,Sahil Bora DXB,Samsung S25 FE S731B/DS (8/128),Ready stock in FZE; FOB Dubai; price not posted.
Today 12:28 AM,Mohit- Teleflex DXB,Samsung A066 5G 4/64,,Teleflex Telecom Fzco,A066 5g 4/64gb,Community admin post in Teleflex Telecom Fzco; selling ready stock; price not posted.
Today 12:28 AM,Mohit- Teleflex DXB,Samsung A066 5G 4/128,,Teleflex Telecom Fzco,A066 5g 4/128gb,Community admin post in Teleflex Telecom Fzco; selling ready stock; price not posted.
Today 12:28 AM,Mohit- Teleflex DXB,Samsung A066 5G 6/128,,Teleflex Telecom Fzco,A066 5g 6/128gb,Community admin post in Teleflex Telecom Fzco; selling ready stock; price not posted.
Today 12:28 AM,Mohit- Teleflex DXB,Samsung A075 4/64,,Teleflex Telecom Fzco,A075 4/64gb,Community admin post in Teleflex Telecom Fzco; selling ready stock; price not posted.
Today 12:28 AM,Mohit- Teleflex DXB,Samsung A076 5G 4/64,,Teleflex Telecom Fzco,A076 5g 4/64gb,Community admin post in Teleflex Telecom Fzco; selling ready stock; price not posted.
Today 12:28 AM,Mohit- Teleflex DXB,Samsung A075 4/128,,Teleflex Telecom Fzco,A075 4/128gb,Community admin post in Teleflex Telecom Fzco; selling ready stock; price not posted.
Today 12:28 AM,Mohit- Teleflex DXB,Samsung A175 4/128,,Teleflex Telecom Fzco,A175 4/128gb,Community admin post in Teleflex Telecom Fzco; selling ready stock; price not posted.
Today 12:28 AM,Mohit- Teleflex DXB,Samsung A176 5G 4/128,,Teleflex Telecom Fzco,A176 5g 4/128gb,Community admin post in Teleflex Telecom Fzco; selling ready stock; price not posted.
Today 12:28 AM,Mohit- Teleflex DXB,OnePlus Nord CE5 5G 8/256,,Teleflex Telecom Fzco,Nord CE5 5G 8/256gb,Community admin post in Teleflex Telecom Fzco; selling ready stock; price not posted.
Today 12:28 AM,Mohit- Teleflex DXB,Redmi A5 3/64,,Teleflex Telecom Fzco,A5 3/64gb,Community admin post in Teleflex Telecom Fzco; selling ready stock; price not posted.
Today 12:28 AM,Mohit- Teleflex DXB,Redmi A7 Pro 4/64,,Teleflex Telecom Fzco,A7 Pro 4/64gb,Community admin post in Teleflex Telecom Fzco; selling ready stock; price not posted.
Today 12:28 AM,Mohit- Teleflex DXB,Redmi 15C 8/256,,Teleflex Telecom Fzco,15C 8/256gb,Community admin post in Teleflex Telecom Fzco; selling ready stock; price not posted.
Today 12:28 AM,Mohit- Teleflex DXB,ZTE Blade A35E 2/64,,Teleflex Telecom Fzco,Blade A35E 2/64gb,Community admin post in Teleflex Telecom Fzco; selling ready stock; price not posted.
Today 12:28 AM,Mohit- Teleflex DXB,ZTE Blade A36 2/64,,Teleflex Telecom Fzco,Blade A36 2/64gb,Community admin post in Teleflex Telecom Fzco; selling ready stock; price not posted.
Today 12:28 AM,Mohit- Teleflex DXB,ZTE Blade A36 4/64,,Teleflex Telecom Fzco,Blade A36 4/64gb,Community admin post in Teleflex Telecom Fzco; selling ready stock; price not posted.
Today 12:28 AM,Mohit- Teleflex DXB,ZTE Blade A56 4/128,,Teleflex Telecom Fzco,Blade A56 4/128gb,Community admin post in Teleflex Telecom Fzco; selling ready stock; price not posted.
Today 12:28 AM,Mohit- Teleflex DXB,ZTE Blade A75 5G 4/128,,Teleflex Telecom Fzco,Blade A75 5g 4/128gb,Community admin post in Teleflex Telecom Fzco; selling ready stock; price not posted.
Today 12:28 AM,Mohit- Teleflex DXB,ZTE Blade A76 4G 4/128,,Teleflex Telecom Fzco,Blade A76 4g 4/128gb,Community admin post in Teleflex Telecom Fzco; selling ready stock; price not posted.
Today 12:28 AM,Mohit- Teleflex DXB,ZTE Blade A76 5G 4/128,,Teleflex Telecom Fzco,Blade A76 5g 4/128gb,Community admin post in Teleflex Telecom Fzco; selling ready stock; price not posted.
Today 12:28 AM,Mohit- Teleflex DXB,ZTE A57 4/64,,Teleflex Telecom Fzco,Zte A57 4/64gb,Community admin post in Teleflex Telecom Fzco; selling ready stock; price not posted.
Today 12:28 AM,Mohit- Teleflex DXB,ZTE A57 4/128,,Teleflex Telecom Fzco,Zte A57 4/128gb,Community admin post in Teleflex Telecom Fzco; selling ready stock; price not posted.
Today 12:28 AM,Mohit- Teleflex DXB,ZTE A77 4/128,,Teleflex Telecom Fzco,Zte A77 4/128gb,Community admin post in Teleflex Telecom Fzco; selling ready stock; price not posted.
Today 12:28 AM,Mohit- Teleflex DXB,HONOR X6D 5G 4/128,,Teleflex Telecom Fzco,X6D 5G 4/128GB,Community admin post in Teleflex Telecom Fzco; selling ready stock; price not posted.
Today 12:28 AM,Mohit- Teleflex DXB,HONOR X6C 6/128,,Teleflex Telecom Fzco,X6C 6/128GB,Community admin post in Teleflex Telecom Fzco; selling ready stock; price not posted.
Today 12:28 AM,Mohit- Teleflex DXB,Nubia Neo 5 5G 8/256,,Teleflex Telecom Fzco,Neo 5 5G 8/256gb,Community admin post in Teleflex Telecom Fzco; selling ready stock; price not posted.
Today 12:28 AM,Mohit- Teleflex DXB,Nubia Neo 5 GT 5G 8/256,,Teleflex Telecom Fzco,Neo 5 GT 5G 8/256gb,Community admin post in Teleflex Telecom Fzco; selling ready stock; price not posted.
Today 12:28 AM,Mohit- Teleflex DXB,Nubia Neo 5 Max 5G 8/256,,Teleflex Telecom Fzco,Neo 5 Max 5G 8/256gb,Community admin post in Teleflex Telecom Fzco; selling ready stock; price not posted.
Today 12:28 AM,Mohit- Teleflex DXB,Nubia Air Pro 5G 8/256,,Teleflex Telecom Fzco,Nubia Air Pro 5G 8/256gb,Community admin post in Teleflex Telecom Fzco; selling ready stock; price not posted.
Today 5:14 AM,Mohit- Teleflex DXB,Samsung A57 12/512,,Teleflex Telecom Fzco,Sam. A57 12/512,Community admin WTS; price not posted.
Today 6:33 AM,Mohit- Teleflex DXB,Redmi A7 Pro 4/128,,Teleflex Telecom Fzco,Redmi A7 Pro 4/128,Community admin WTS; price not posted.
Today 7:42 AM,5g HK,Redmi Note 14 5G 8+128 CN,,5g HK,Redmi Note 14 5G 8+128 CN $158,CN; FOB HK; $158
Today 7:42 AM,5g HK,Redmi Note 14 5G 8+256 CN,,5g HK,Redmi Note 14 5G 8+256 CN $188,CN; FOB HK; $188
Today 7:42 AM,5g HK,Redmi Note 17 5G 6+128 CN,,5g HK,Redmi Note 17 5G 6+128 CN $178,CN; FOB HK; $178
Today 7:42 AM,5g HK,Redmi Note 17 5G 8+128 CN,,5g HK,Redmi Note 17 5G 8+128 CN $193,CN; FOB HK; $193
Today 7:42 AM,5g HK,Redmi Note 17 5G 8+256 CN,,5g HK,Redmi Note 17 5G 8+256 CN $210,CN; FOB HK; $210
Today 7:42 AM,5g HK,Redmi Note 14 Pro+ 12+512 CN,,5g HK,Redmi Note 14 Pro+ 12+512 CN $248 prebook,CN; prebook; FOB HK; $248
Today 7:49 PM,Fiona Tang HK,Redmi Note 15 8+256,,Fiona Tang HK,Redmi Note 15 8+256 $190,Visible Today supplier list; $190
Today 7:49 PM,Fiona Tang HK,Redmi A7 Pro 4+64,,Fiona Tang HK,Redmi A7 Pro 4+64 $97,Visible Today supplier list; $97
Today 7:49 PM,Fiona Tang HK,Redmi 15 8+128,,Fiona Tang HK,Redmi 15 8+128 $172,Visible Today supplier list; $172
Today 7:49 PM,Fiona Tang HK,Redmi 15C 8+256,,Fiona Tang HK,Redmi 15C 8+256 $156,Visible Today supplier list; $156
Today 7:49 PM,Fiona Tang HK,Redmi A5 3+64,,Fiona Tang HK,Redmi A5 3+64 $92,Visible Today supplier list; $92
Today 7:49 PM,Fiona Tang HK,Redmi 15C 5G 4+128,,Fiona Tang HK,Redmi 15C 5G 4+128 $153,Visible Today supplier list; $153
Today 7:47 AM,MGT,Samsung M07 4/64,,WTS MGT,M07 4/64-100 Ready local,"Ready local; “100” appears quantity, not price"
Today 7:47 AM,MGT,Samsung F07 4/64,,WTS MGT,F07 4/64-100 Ready local,"Ready local; “100” appears quantity, not price"
Today 9:32 AM,MGT,Samsung S26 12/256,,WTS MGT,S26 12/256 2 pink 2 blue 2 violet Ready local,"Ready local; 6 units listed, no price"
Today 9:36 PM,Bombay Digital DXB,Google Pixel 11 256GB,,WTS MGT,Wts Pixel 11 256Gb Color mix 100 pcs only booking,Color mix; 100 pcs; booking only; no price
Today 9:40 AM,Miguel Herran Spain,OPPO Find X9 Ultra 512GB,,Miguel Herran Spain,OPPO Find X9 Ultra 512GB Orange x 50 pcs; Black x 50 pcs,EU spec; brand new; 100 pcs total; price not posted
Today 9:40 AM,Miguel Herran Spain,OPPO Find X9 Ultra 1TB,,Miguel Herran Spain,OPPO Find X9 Ultra 1TB Orange x 20 pcs,EU spec; brand new; 20 pcs; price not posted
7:30 AM,MGT,Samsung A07 5G 5/128,,WTS MGT,WTS A07 5g 5/128-10 pcs; Ready local,10 pcs; ready local
7:47 AM,MGT,M07 4/64,,WTS MGT,WTS M07 4/64-100; Ready local,100 pcs; ready local
7:47 AM,MGT,F07 4/64,,WTS MGT,WTS F07 4/64-100; Ready local,100 pcs; ready local
9:32 AM,MGT,Samsung S26 12/256,,WTS MGT,"WTS S26 12/256; 2 pink, 2 blue, 2 violet; Ready local","6 pcs, color mix"
9:36 PM,Bombay Digital DXB,Google Pixel 11 256GB,,WTS MGT,Wts Pixel 11 256Gb; color mix 100 pcs; only booking,100 pcs; booking only
10:35 PM,Bombay Digital DXB,Samsung S25 256GB Navy,,WTS MGT,WTS S25 NAVY COLOR 256 GB; FZE ONLY,FZE only
1:02 AM,Fiona Tang HK,HONOR X5C Plus 6+256G,,Fiona Tang HK,"HONOR X5C PLUS 6+256G US Black/Silver,Green$143",US spec; USD 143
1:02 AM,Fiona Tang HK,HONOR X9D 8+512G,,Fiona Tang HK,HONOR X9D 8+512G US Black $313,US spec; USD 313
11:23 AM,Ahmad Raza,Redmi 15 5G 4/128,42,Ahmad Raza,Redmi 15 5G 4/128 42kd,Edited 11:23 AM; KD 42
11:23 AM,Ahmad Raza,Redmi A7 Pro 4G 4/64,32,Ahmad Raza,Redmi A7 Pro 4G 4/64 32kd,Edited 11:23 AM; KD 32
11:23 AM,Ahmad Raza,Redmi A7 Pro 4G 4/128,35,Ahmad Raza,Redmi A7 Pro 4G 4/128 35kd,Edited 11:23 AM; KD 35
12:28 AM,Mohit- Teleflex DXB,Samsung A066 5G 4/64GB,,Teleflex Telecom Fzco,A066 5g 4/64gb,SELLING READY STOCK; announcement list
12:28 AM,Mohit- Teleflex DXB,Samsung A066 5G 4/128GB,,Teleflex Telecom Fzco,A066 5g 4/128gb,SELLING READY STOCK; announcement list
12:28 AM,Mohit- Teleflex DXB,Samsung A066 5G 6/128GB,,Teleflex Telecom Fzco,A066 5g 6/128gb,SELLING READY STOCK; announcement list
12:28 AM,Mohit- Teleflex DXB,Samsung A075 4/64GB,,Teleflex Telecom Fzco,A075 4/64gb,SELLING READY STOCK; announcement list
12:28 AM,Mohit- Teleflex DXB,Samsung A076 5G 4/64GB,,Teleflex Telecom Fzco,A076 5g 4/64gb,SELLING READY STOCK; announcement list
12:28 AM,Mohit- Teleflex DXB,Samsung A075 4/128GB,,Teleflex Telecom Fzco,A075 4/128gb,SELLING READY STOCK; announcement list
12:28 AM,Mohit- Teleflex DXB,Samsung A175 4/128GB,,Teleflex Telecom Fzco,A175 4/128gb,SELLING READY STOCK; announcement list
12:28 AM,Mohit- Teleflex DXB,Samsung A176 5G 4/128GB,,Teleflex Telecom Fzco,A176 5g 4/128gb,SELLING READY STOCK; announcement list
12:28 AM,Mohit- Teleflex DXB,OnePlus Nord CE5 5G 8/256GB,,Teleflex Telecom Fzco,Nord CE5 5G 8/256gb,SELLING READY STOCK; announcement list
12:28 AM,Mohit- Teleflex DXB,Redmi A5 3/64GB,,Teleflex Telecom Fzco,A5 3/64gb,SELLING READY STOCK; announcement list
12:28 AM,Mohit- Teleflex DXB,Redmi A7 Pro 4/64GB,,Teleflex Telecom Fzco,A7 Pro 4/64gb,SELLING READY STOCK; announcement list
12:28 AM,Mohit- Teleflex DXB,Redmi 15C 8/256GB,,Teleflex Telecom Fzco,15C 8/256gb,SELLING READY STOCK; announcement list
12:28 AM,Mohit- Teleflex DXB,ZTE Blade A35E 2/64GB,,Teleflex Telecom Fzco,Blade A35E 2/64gb,SELLING READY STOCK; announcement list
12:28 AM,Mohit- Teleflex DXB,ZTE Blade A36 2/64GB,,Teleflex Telecom Fzco,Blade A36 2/64gb,SELLING READY STOCK; announcement list
12:28 AM,Mohit- Teleflex DXB,ZTE Blade A36 4/64GB,,Teleflex Telecom Fzco,Blade A36 4/64gb,SELLING READY STOCK; announcement list
12:28 AM,Mohit- Teleflex DXB,ZTE Blade A56 4/128GB,,Teleflex Telecom Fzco,Blade A56 4/128gb,SELLING READY STOCK; announcement list
12:28 AM,Mohit- Teleflex DXB,ZTE Blade A75 5G 4/128GB,,Teleflex Telecom Fzco,Blade A75 5g 4/128gb,SELLING READY STOCK; announcement list
12:28 AM,Mohit- Teleflex DXB,ZTE Blade A76 4G 4/128GB,,Teleflex Telecom Fzco,Blade A76 4g 4/128gb,SELLING READY STOCK; announcement list
12:28 AM,Mohit- Teleflex DXB,ZTE Blade A76 5G 4/128GB,,Teleflex Telecom Fzco,Blade A76 5g 4/128gb,SELLING READY STOCK; announcement list
12:28 AM,Mohit- Teleflex DXB,ZTE A57 4/64GB,,Teleflex Telecom Fzco,Zte A57 4/64gb,SELLING READY STOCK; announcement list
12:28 AM,Mohit- Teleflex DXB,ZTE A57 4/128GB,,Teleflex Telecom Fzco,Zte A57 4/128gb,SELLING READY STOCK; announcement list
12:28 AM,Mohit- Teleflex DXB,ZTE A77 4/128GB,,Teleflex Telecom Fzco,Zte A77 4/128gb,SELLING READY STOCK; announcement list
12:28 AM,Mohit- Teleflex DXB,HONOR X6D 5G 4/128GB,,Teleflex Telecom Fzco,X6D 5G 4/128GB,SELLING READY STOCK; announcement list
12:28 AM,Mohit- Teleflex DXB,HONOR X6C 6/128GB,,Teleflex Telecom Fzco,X6C 6/128GB,SELLING READY STOCK; announcement list
12:28 AM,Mohit- Teleflex DXB,Nubia Neo 5 5G 8/256GB,,Teleflex Telecom Fzco,Neo 5 5G 8/256gb,SELLING READY STOCK; announcement list
12:28 AM,Mohit- Teleflex DXB,Nubia Neo 5 GT 5G 8/256GB,,Teleflex Telecom Fzco,Neo 5 GT 5G 8/256gb,SELLING READY STOCK; announcement list
12:28 AM,Mohit- Teleflex DXB,Nubia Neo 5 Max 5G 8/256GB,,Teleflex Telecom Fzco,Neo 5 Max 5G 8/256gb,SELLING READY STOCK; announcement list
12:28 AM,Mohit- Teleflex DXB,Nubia Air Pro 5G 8/256GB,,Teleflex Telecom Fzco,Nubia Air Pro 5G 8/256gb 🔥,SELLING READY STOCK; announcement list
5:14 AM,Mohit- Teleflex DXB,Samsung A57 12/512,,Teleflex Telecom Fzco,WTS Sam. A57 12/512,
2:01 AM,Khalid Zayed,Samsung A075 4/64,,KHALID ZAID SWIFT TELECOM,Samsung Arabic A075 4 64@385; Black 460; Violet 100; Green 100,Arabic list; currency not stated; @385; Black 460; Violet 100; Green 100
2:01 AM,Khalid Zayed,Samsung A075 4/128,,KHALID ZAID SWIFT TELECOM,A075 4 128@435; Black 540; Violet 180; Green 180,Arabic list; currency not stated; @435; Black 540; Violet 180; Green 180
2:01 AM,Khalid Zayed,Samsung A165 4/128,,KHALID ZAID SWIFT TELECOM,A165 4 128@495; Black 300; Gray 200,Arabic list; currency not stated; @495; Black 300; Gray 200
2:01 AM,Khalid Zayed,Samsung A175 4/128,,KHALID ZAID SWIFT TELECOM,A175 4 128@535; Black 2000,Arabic list; currency not stated; @535; Black 2000
2:01 AM,Khalid Zayed,Samsung A175 6/128,,KHALID ZAID SWIFT TELECOM,A175 6 128@615; Black 190; Gray 65; Blue 85,Arabic list; currency not stated; @615; Black 190; Gray 65; Blue 85
3:26 AM,Khalid Zayed,Samsung Galaxy S26 Ultra 12/256GB,,KHALID ZAID SWIFT TELECOM,"Galaxy S26 Ultra 12/256GB; Black 3,070 AED; White 3,095 AED; Ready Stock DAFZA Dubai","Ready stock; DAFZA Dubai; 🔥 selling; AED 3,070 black; AED 3,095 white"
1:53 AM,Real Tech Fzco DXB,Samsung S25 FE 8/256GB,,Real Tech Fzco DXB,S25fe 8/256gb,Selling; ready stock
1:53 AM,Real Tech Fzco DXB,Samsung S26 FE 8/256GB,,Real Tech Fzco DXB,S26fe 8/256gb,Selling; ready stock
1:53 AM,Real Tech Fzco DXB,Samsung S25 Ultra 12/256GB,,Real Tech Fzco DXB,S25 ultra 12/256gb,Selling; ready stock
1:53 AM,Real Tech Fzco DXB,X135 4/64GB,,Real Tech Fzco DXB,X135 4/64gb,Selling; ready stock
1:53 AM,Real Tech Fzco DXB,X230 6/128GB,,Real Tech Fzco DXB,X230 6/128gb,Selling; ready stock
3:45 AM,Real Tech Fzco DXB,Samsung A075 4/128GB,,Real Tech Fzco DXB,A075 4/128gb; Blk green violet; Arabic; Ready,Selling; ready stock
3:32 AM,Miguel Herran Spain,Xiaomi Redmi 17 4G 4/256GB,,Miguel Herran Spain,Xiaomi redmi 17 4G 4/256Gb; EU spec; 156€ / 180$,EU spec; EUR 156 / USD 180
9:40 AM,Miguel Herran Spain,OPPO Find X9 Ultra 512GB,,Miguel Herran Spain,OPPO Find X9 Ultra 512GB; Orange x50 pcs; Black x50 pcs,EU spec; brand new; 100 pcs total
9:40 AM,Miguel Herran Spain,OPPO Find X9 Ultra 1TB,,Miguel Herran Spain,OPPO Find X9 Ultra 1TB; Orange x20 pcs,EU spec; brand new; 20 pcs
7:18 AM,Saad,Redmi 15 4/128,,Saad,Redmi 15 4128 500pcs.TXT,Attachment filename; shipment arrived
7:30 AM,Saad,ZTE A75 4/128,,Saad,ZTE A75 4128 400pcs.TXT,Attachment filename; shipment arrived
7:26 AM,Eshan Cellutech,Redmi A7 Pro 4G 4/64GB,,Eshan Cellutech,DEAL FOR SHORT TIME; Redmi A7 pro 4G 4/64GB; Black/Blue/Green EU/Global,Ready stock; unbeatable price; short-time deal
7:26 AM,Eshan Cellutech,Redmi A7 Pro 4G 4/128GB,,Eshan Cellutech,DEAL FOR SHORT TIME; Redmi A7 PRO 4/128GB; Black EU/Global; Ready Stock; Unbeatable Price,Short-time deal
12:15 AM,Ali Raza - Cellutech,Redmi A7 Pro 4G 4/128GB,,Ali Raza - Cellutech,Redmi A7 PRO 4/128GB $113,EU/Global stock; color/qty list visible; USD 113
12:15 AM,Ali Raza - Cellutech,Redmi Note 15 8/256GB NFC,,Ali Raza - Cellutech,Redmi Note 15 8/256GB $200; Black EU/Global 150 NFC,EU/Global stock; color/qty list visible; USD 200
1:33 AM,Ajay Naam Electronics,A07 4/64 GB Mix,,Ajay Naam Electronics,A07 4/64 GB Mix,Ready stock in Fze
1:33 AM,Ajay Naam Electronics,A07 4/128 GB Black,,Ajay Naam Electronics,A07 4/128 GB Blk -,Ready stock in Fze
1:33 AM,Ajay Naam Electronics,A17S 8/256 GB Mix,,Ajay Naam Electronics,A17S 8/256 GB Mix,Ready stock in Fze
1:33 AM,Ajay Naam Electronics,A36 5G 8/256GB Black White,,Ajay Naam Electronics,A36 5G 8/256GB Black White -,Ready stock in Fze
1:33 AM,Ajay Naam Electronics,S26 12/256 GB White Violet Black Iceblue,,Ajay Naam Electronics,S26 12/256 GB White Violet Black Iceblue -,Ready stock in Fze
1:33 AM,Ajay Naam Electronics,S26 12/512GB White Violet Black Iceblue,,Ajay Naam Electronics,S26 12/512GB White Violet Black Iceblue -,Ready stock in Fze
1:33 AM,Ajay Naam Electronics,S25 FE 8/128 GB Jet Black,,Ajay Naam Electronics,S25 FE 8/128 GB Jet Black -,Ready stock in Fze
1:33 AM,Ajay Naam Electronics,S25 Ultra 12GB/512GB Grey White,,Ajay Naam Electronics,S25 Ultra 12GB / 512GB Grey White -,Ready stock in Fze
1:33 AM,Ajay Naam Electronics,S26 Ultra 12/256GB White,,Ajay Naam Electronics,S26 Ultra 12/256GB White -,Ready stock in Fze
1:33 AM,Ajay Naam Electronics,S26 Ultra 12/512 GB Black Violet White Blue,,Ajay Naam Electronics,S26 Ultra 12/512 GB Black Violet White Blue -,Ready stock in Fze
1:33 AM,Ajay Naam Electronics,Z Fold 8 Ultra 12/256GB Graphite,,Ajay Naam Electronics,Z Fold 8 Ultra 12/256GB Graphite -,Ready stock in Fze
7:49 PM,Fiona Tang HK,Redmi 15 8+256,,Fiona Tang HK,Redmi 15 8+256 156$,USD 156
7:49 PM,Fiona Tang HK,Redmi A5 3+64,,Fiona Tang HK,Redmi A5 3+64 $29,USD 29
7:49 PM,Fiona Tang HK,Redmi 15C 4+128,,Fiona Tang HK,Redmi 15C 4+128 153$,USD 153
11:40 PM,Fiona Tang HK,Redmi Note 14 8+128 EU Black,,Fiona Tang HK,Redmi note14 8+128 EU black 157$,EU black; USD 157
11:04 PM,Onkar Singh Rajput HK,Xiaomi Note 17 Pro 8/256GB 5G,,Onkar Singh Rajput HK,Note 17 pro 8/256gb 5G,On booking
9:36 PM,Bombay Digital DXB,Google Pixel 11 256GB,,WTS MGT,Pixel 11 256Gb Color rmx 100 pcs only booking,Color; mix 100 pcs; only booking; call for more detail
10:35 PM,Bombay Digital DXB,Samsung S25 256GB Navy,,WTS MGT,WTS S25 NAVY COLOR 256 GB FZE ONLY,FZE only
9:40 AM,Miguel Herran Spain,OPPO Find X9 Ultra 512GB Orange,,Miguel Herran Spain,OPPO Find X9 Ultra 512GB Orange x 50 pcs,EU Spec; brand new; 50 pcs
9:40 AM,Miguel Herran Spain,OPPO Find X9 Ultra 512GB Black,,Miguel Herran Spain,OPPO Find X9 Ultra 512GB Black x 50 pcs,EU Spec; brand new; 50 pcs
9:40 AM,Miguel Herran Spain,OPPO Find X9 Ultra 1TB Orange,,Miguel Herran Spain,OPPO Find X9 Ultra 1TB Orange x 20 pcs,EU Spec; brand new; 20 pcs
6:33 AM,Mohit- Teleflex DXB,Redmi A7 Pro 4/128,,Teleflex Telecom Fzco,WTS Redmi A7 Pro 4/128,WTS
5:48 AM,Parth Kanabar,Samsung F07 4/64,,WTS KANABAR 🇮🇳 SPEC,WTS Samsung F07 4/64 500 PC,500 pcs; on booking; DXB Logix one
2:42 AM,Parth Kanabar,Samsung S26 12/256,,WTS KANABAR 🇮🇳 SPEC,Samsung S26 12/256 50/100,50/100; mix colour; ready in 2 days; Logix one DXB
7:49 PM,Fiona Tang HK,Redmi 15 8+256,,Fiona Tang HK,Redmi 15C 8+256 156$,price_text USD 156; model text says Redmi 15C
11:48 PM,Ajay Naam Electronics,Samsung A07 4/64 GB,,Ajay Naam Electronics,A07 4/64 GB Mix,price_text empty; ready stock in Fze; color/spec as posted
11:48 PM,Ajay Naam Electronics,Samsung A07 4/128 GB,,Ajay Naam Electronics,A07 4/128 GB Blk,price_text empty; ready stock in Fze; color/spec as posted
11:48 PM,Ajay Naam Electronics,Samsung A175 8/256 GB,,Ajay Naam Electronics,A175 8/256 GB Mix,price_text empty; ready stock in Fze; color/spec as posted
11:48 PM,Ajay Naam Electronics,Samsung A36 5G 8/256 GB,,Ajay Naam Electronics,A36 5G 8/256GB Black White,price_text empty; ready stock in Fze; color/spec as posted
11:48 PM,Ajay Naam Electronics,Samsung S26 12/256 GB,,Ajay Naam Electronics,S26 12/256 GB White Violet Black Iceblue,price_text empty; ready stock in Fze; color/spec as posted
11:48 PM,Ajay Naam Electronics,Samsung S26 12/512 GB,,Ajay Naam Electronics,S26 12/512GB White Violet Black Iceblue,price_text empty; ready stock in Fze; color/spec as posted
11:48 PM,Ajay Naam Electronics,Samsung S25 FE 8/128 GB,,Ajay Naam Electronics,S25 FE 8/128 GB Jet Black,price_text empty; ready stock in Fze; color/spec as posted
11:48 PM,Ajay Naam Electronics,Samsung S25 Ultra 12/512 GB,,Ajay Naam Electronics,S25 Ultra 12GB / 512GB Grey White,price_text empty; ready stock in Fze; color/spec as posted
11:48 PM,Ajay Naam Electronics,Samsung S26 Ultra 12/256 GB,,Ajay Naam Electronics,S26 Ultra 12/256GB White,price_text empty; ready stock in Fze; color/spec as posted
11:48 PM,Ajay Naam Electronics,Samsung S26 Ultra 12/512 GB,,Ajay Naam Electronics,S26 Ultra 12/512 GB Black Violet White Blue,price_text empty; ready stock in Fze; color/spec as posted
11:48 PM,Ajay Naam Electronics,Samsung Z Fold 8 Ultra 12/256 GB,,Ajay Naam Electronics,Z Fold 8 Ultra 12/256GB Graphite,price_text empty; ready stock in Fze; color/spec as posted
11:48 PM,Ajay Naam Electronics,Google Pixel 10a 8/128 GB UK Spec,,Ajay Naam Electronics,Pixel 10a 8/128 GB UK Spec Obsidian,price_text empty; ready stock in Fze; color/spec as posted
1:55 AM,Parth Kanabar,Samsung A07 5G 4/128,,WTS KANABAR 🇮🇳 SPEC,Samsung A07 5G 4/128 500unit,price_text empty; 500 units; on booking
1:55 AM,Parth Kanabar,Samsung A07 5G 6/128,,WTS KANABAR 🇮🇳 SPEC,Samsung A07 5G 6/128 500Unit,price_text empty; 500 units; on booking
Yesterday,Parth Kanabar,Samsung M17e 4/128,,WTS KANABAR 🇮🇳 SPEC,M17e 4/128 500,price_text empty; on booking; DXB Logix One
Yesterday,Parth Kanabar,Samsung M17e 6/128,,WTS KANABAR 🇮🇳 SPEC,M17e 6/128 500,price_text empty; on booking; DXB Logix One
2:42 AM,Parth Kanabar,Samsung S26 12/256,,WTS KANABAR 🇮🇳 SPEC,S26 12/256 50/100 Mix colour,price_text empty; mix colour; 50/100 as posted; ready in 2 days; Logix One DXB
5:48 AM,Parth Kanabar,Samsung F07 4/64,,WTS KANABAR 🇮🇳 SPEC,Samsung F07 4/64 500 PC On booking,price_text empty; 500 pcs; on booking; DXB Logix One
7:47 AM,WTS MGT,Samsung M07 4/64,,WTS MGT,M07 4/64-100 Ready local,price_text empty; 100 units; ready local
7:47 AM,WTS MGT,Samsung F07 4/64,,WTS MGT,F07 4/64-100 Ready local,price_text empty; 100 units; ready local
9:32 AM,WTS MGT,Samsung S26 12/256,,WTS MGT,S26 12/256 2 pink 2 blue 2 violet Ready local,"price_text empty; 2 pink, 2 blue, 2 violet; ready local"
9:36 PM,WTS MGT,Google Pixel 11 256GB,,WTS MGT,Pixel 11 256Gb Color rmix 100 pcs only booking,price_text empty; 100 pcs; only booking; call for detail
10:35 PM,WTS MGT,Samsung S25 256GB Navy,,WTS MGT,S25 NAVY COLOR 256 GB FZE ONLY,price_text empty; FZE only
11:04 PM,Onkar Singh Rajput HK,Xiaomi Note 17 Pro 8/256GB 5G,,Onkar Singh Rajput HK,Xiaomi Note 17 pro 8/256gb 5G On booking,price_text empty; on booking
2:59 AM,Onkar Singh Rajput HK,Samsung A17 8/128GB 5G,,Onkar Singh Rajput HK,Samsung A17 8/128gb 5G On booking,price_text empty; on booking
4:58 AM,Nishat DXB,Samsung A36,,Nishat DXB,A36 @215$ Let’s close final,price_text USD 215; seller asked to close final
